ticker,rev_yoy,net_margin,roe,fcf_positive
A,0.1001,0.1847,0.1904,1
AA,-0.0522,0.1331,0.249,0
AADX,,-0.5185,-1.3482,0
AAL,0.1084,-0.0275,,1
AAMI,0.3928,0.1455,1.2542,0
AAOI,0.5136,-0.0945,-0.0517,0
AAON,0.543,0.0801,0.1705,0
AAP,,,,0
AAPL,0.166,0.266,1.111,1
AAUC,0.1377,-0.148,-0.6972,0
AB,0.1148,0.9239,0.2703,1
ABBV,0.1243,0.0463,,1
ABCB,0.1053,0.3605,0.1083,1
ABEV,-0.0015,0.1677,0.1672,1
ABG,-0.0086,0.0457,0.191,1
ABM,0.0844,0.0188,0.0986,1
ABNB,0.1787,0.0597,0.0838,1
ABT,0.0778,0.0965,0.0827,1
ABVX,,,-0.4513,0
ACA,0.044,0.0661,0.057,1
ACAD,0.0972,0.0136,0.0117,1
ACGL,-0.047,0.2393,0.1731,1
ACHC,0.0757,0.005,0.0084,0
ACHR,,-136.0625,-0.4188,0
ACI,0.0773,-0.0237,-1.0474,1
ACIW,0.079,0.09,0.1021,1
ACLS,0.0332,0.0463,0.0353,1
ACM,0.0078,0.0473,0.3169,0
ACMR,0.3418,0.0748,0.0438,0
ACN,0.0559,0.125,0.2934,1
ACT,0.0169,0.5376,0.1256,1
AD,0.9275,3.4183,0.3826,1
ADBE,0.1269,0.2587,0.5945,1
ADC,0.1871,0.309,0.0398,1
ADEA,0.1951,0.2174,0.1952,1
ADI,0.3725,0.3246,0.1395,1
ADM,0.0156,0.0145,0.0523,0
ADP,0.0695,0.229,0.8566,1
ADPT,0.3514,-0.2827,-0.3704,0
ADSK,0.1843,0.2539,0.6159,1
ADT,0.0087,0.1317,0.1772,1
ADX,,,,0
AEE,0.0377,0.1641,0.1053,0
AEG,,,,0
AEHR,-0.4367,-0.3106,-0.0923,0
AEIS,0.263,0.1307,0.193,0
AEM,0.6609,0.4136,0.2581,1
AEO,0.097,0.0197,0.0572,0
AEP,0.102,0.1452,0.1099,0
AER,0.0793,0.365,0.1779,0
AERO,0.1326,0.0082,,1
AES,0.0868,0.1531,0.4407,0
AESI,-0.1076,-0.178,-0.1617,0
AFG,-0.0038,0.104,0.1633,1
AFL,0.2766,0.2312,0.136,1
AFRM,0.3264,0.0991,0.1088,1
AG,0.9551,0.3067,0.2038,1
AGCO,0.1426,0.0235,0.0512,0
AGI,0.7919,0.3208,0.1662,1
AGIO,1.3775,-4.7774,-0.1631,0
AGNC,-2.4615,,-0.0486,1
AGO,-0.2092,0.3424,0.0635,1
AGX,0.5024,0.1583,0.3891,1
AGYS,0.1168,0.1482,0.1505,1
AHR,0.2038,0.0364,0.0272,1
AIG,-0.0233,0.1153,0.0755,1
AIN,0.0781,0.0491,0.0838,0
AIP,0.3874,-0.347,-12.2871,0
AIR,0.2461,0.0805,0.1655,1
AIT,0.0726,0.0797,0.2146,1
AIZ,0.1126,0.0801,0.1868,1
AJG,0.2766,0.1728,0.1383,1
AKAM,0.0576,0.099,0.0866,1
AKR,-0.0134,0.2959,0.0535,1
ALAB,0.934,0.2604,0.215,1
ALB,0.3267,0.2233,0.1296,1
ALC,0.0942,0.0698,0.0342,1
ALGM,0.2612,-0.0678,-0.0691,1
ALGN,0.0621,0.1084,0.1087,1
ALGT,0.0477,0.058,0.155,1
ALH,0.0958,0.1333,0.5293,1
ALHC,0.3326,0.0092,0.2207,1
ALK,0.052,-0.0585,-0.2069,1
ALKS,0.2819,-0.1692,-0.1518,0
ALL,0.03,0.1467,0.3109,1
ALLE,0.0974,0.1336,0.2629,1
ALLY,0.3407,0.1356,0.0817,1
ALM,2.2119,-0.2072,-0.059,0
ALMS,-0.8999,-53.448,-0.6564,0
ALNY,0.9643,0.1765,0.7662,1
ALRM,0.1104,0.0889,0.1097,1
ALSN,0.8355,0.0797,0.2354,1
ALV,0.0679,0.0512,0.2141,0
AM,0.0862,0.3526,0.2443,1
AMAT,0.1141,0.3547,0.4694,1
AMBA,0.1687,-0.1803,-0.1195,0
AMBP,0.1861,-0.0033,,0
AMCR,0.7744,0.047,0.0954,0
AMD,0.3785,0.1349,0.0858,1
AME,0.1134,0.2071,0.1463,1
AMG,0.0973,0.2026,0.1429,1
AMGN,0.0576,0.2111,0.7917,1
AMH,0.0278,0.2781,0.0758,1
AMKR,0.2748,0.0495,0.0735,0
AMP,0.1052,0.1901,0.5892,1
AMPX,1.5289,-0.1768,-0.1845,0
AMR,-0.0131,-0.021,-0.0291,0
AMRX,0.039,0.0862,,0
AMRZ,0.0466,-0.0533,-0.0354,0
AMSC,0.2963,0.0524,0.0326,1
AMT,0.0682,0.314,0.976,1
AMTM,-0.0037,0.0155,0.0469,1
AMX,0.0207,0.0988,0.2146,0
AMZN,0.1661,0.1667,0.2739,0
AN,-0.0207,0.0313,0.3689,0
ANDE,-0.012,0.0126,0.1046,0
ANDG,0.1571,0.0021,,0
ANET,0.3513,0.3776,0.3034,1
ANF,0.015,0.0603,0.2004,0
AON,0.0645,0.2408,0.493,1
AOS,-0.019,0.1248,0.2513,1
APA,-0.1172,0.1917,0.2763,1
APAM,0.0933,0.1915,0.5968,1
APD,0.0876,0.224,0.1816,0
APG,0.153,0.0288,0.0654,1
APGE,,,-0.2361,0
APH,0.5839,0.1224,0.267,1
APLD,1.3929,-0.7842,-0.2512,0
APLE,0.0306,0.082,0.0354,1
APO,-0.0898,-0.3769,-0.3821,1
APP,0.5897,0.6544,2.0404,1
APPF,0.2045,0.1618,0.3609,1
APTV,0.0541,0.0372,0.0819,0
AQN,0.1444,0.1088,0.074,0
AR,0.3375,0.2873,0.2655,1
ARCB,0.0328,-0.001,-0.0032,0
ARCC,-0.4899,0.6093,0.0262,1
ARE,-0.1213,0.5538,0.0919,1
ARES,0.2825,0.1021,0.1417,1
ARGX,0.643,0.282,,0
ARIS,1.3645,0.2621,0.2484,1
ARLP,-0.0452,0.0176,,1
ARM,0.2006,0.2101,0.1511,1
ARMK,0.1468,0.0208,0.1243,1
AROC,0.0766,0.1974,0.1945,1
ARQT,0.6007,-0.1072,-0.2382,1
ARR,-2.7411,,-0.0939,1
ARW,0.3903,0.0248,0.1395,1
ARWR,-0.8641,-1.8001,-0.8647,1
ARX,0.5876,-0.0186,-0.03,0
ARXS,,0.1162,0.067,1
AS,0.3212,0.0846,0.0976,1
ASB,0.1146,0.3137,0.0957,1
ASH,0.0063,0.0332,0.0343,1
ASML,0.1325,0.3144,0.5294,0
ASND,1.4427,2.5521,5.1588,0
ASO,0.067,0.0365,0.0994,1
ASR,0.008,0.3176,0.2654,1
ASTS,19.5223,-12.9631,-0.3674,0
ASX,0.1722,0.0815,0.1614,0
ATAT,0.4751,0.1648,0.502,1
ATEN,0.134,0.1604,0.2179,0
ATHM,-0.2788,0.0894,0.0164,0
ATI,0.0062,0.1026,0.267,1
ATKR,0.0423,-0.1696,-0.3875,1
ATMU,0.1481,0.1014,0.4798,1
ATO,0.0061,0.2965,0.1561,0
ATR,0.1077,0.0739,0.1106,1
ATRO,0.1199,0.1107,0.6318,0
ATROB,0.1199,0.1107,0.6318,0
ATS,0.301,-0.0216,-0.0362,1
AU,0.6485,0.3959,0.6004,1
AUB,0.7178,0.3353,0.0967,1
AUGO,1.2307,0.2487,1.261,1
AUPH,0.244,0.4421,0.2421,1
AUR,,-223.0,-0.4542,0
AVA,-0.0762,0.1614,0.1326,1
AVAL,0.1263,0.0695,0.0756,0
AVAV,1.3327,-0.0376,-0.0219,1
AVB,0.0327,0.4229,0.1134,1
AVGO,0.4787,0.4196,0.4247,1
AVNT,0.0252,0.0657,0.0926,0
AVPT,0.2598,0.1301,0.139,1
AVT,0.3395,0.0132,0.0762,0
AVTR,0.0,0.0274,0.031,1
AVY,0.0699,0.0731,0.2923,1
AWI,0.0711,0.163,0.2992,1
AWK,0.0569,0.1624,0.071,0
AWR,0.1431,0.177,0.1126,1
AX,0.2726,0.3216,0.1627,0
AXGN,0.2656,-0.3187,-0.32,0
AXIA,0.2206,0.2069,0.0868,1
AXON,0.3375,0.2097,0.1916,0
AXP,0.1144,0.1571,0.3496,1
AXS,0.1452,0.1516,0.1597,1
AXSM,0.5742,-0.3376,-4.7295,0
AXTA,-0.0063,0.0718,0.1487,1
AXTI,0.391,-0.0602,-0.0236,0
AYA,2.4665,0.4121,0.4218,1
AYI,0.0165,0.1177,0.1978,1
AZN,0.1251,0.2015,0.2603,1
AZO,-0.2245,0.1325,,1
AZZ,0.0944,0.0414,0.0477,1
B,0.6671,0.307,0.2344,1
BA,0.1396,-0.0002,-0.0027,0
BABA,0.0293,0.1049,0.0963,0
BAC,0.0717,0.2836,0.1142,1
BAH,-0.0644,0.0737,0.7421,1
BALL,0.1634,0.0569,0.1464,0
BAM,0.1511,0.4968,0.3251,1
BANC,0.0707,0.2546,0.081,1
BANF,0.0859,0.3519,0.1325,1
BANR,0.0596,0.3273,0.1113,1
BAP,0.111,0.331,0.2062,0
BATRA,0.5252,-0.5622,-0.312,1
BATRB,0.5252,-0.5622,-0.312,1
BATRK,0.5252,-0.5622,-0.312,1
BAX,0.029,-0.0056,-0.0099,1
BB,0.2564,0.0556,0.0453,1
BBAR,0.2628,0.0676,0.0805,0
BBD,0.0917,0.1573,0.1152,1
BBDO,0.0917,0.1573,0.1152,1
BBIO,0.6678,-0.8433,,0
BBT,1.3467,0.2153,0.0738,0
BBUC,-0.0464,0.0082,0.0387,1
BBVA,0.1424,0.2806,0.2125,0
BBWI,-0.0323,0.1328,,1
BBY,0.0193,0.0309,0.3581,1
BC,0.1279,0.0152,0.0525,0
BCC,-0.0247,0.0119,0.0354,0
BCE,0.0401,0.1059,0.1118,1
BCH,-0.039,0.3601,0.1967,0
BCO,0.103,0.0233,0.4901,0
BCPC,0.0806,0.1488,0.1254,1
BCRX,0.0748,-4.6148,,0
BCS,0.0589,0.2666,0.1135,0
BDC,0.1144,0.0733,0.1591,0
BDX,0.0522,-0.066,-0.0515,1
BE,1.3037,0.0941,0.3067,1
BEAM,3.2487,-2.9718,-0.324,0
BEKE,-0.1902,0.0665,0.078,0
BELFA,0.1724,0.0638,0.1037,1
BELFB,0.1724,0.0638,0.1037,1
BEN,0.0869,0.1169,0.0885,0
BEP,-0.0418,-0.076,,0
BEPC,-0.0265,-2.4757,,0
BETA,0.0556,-12.0704,-0.2836,0
BFAM,0.0702,0.0479,0.1191,1
BFH,0.0495,0.1778,0.2177,1
BG,0.8776,0.0031,0.017,0
BGC,0.4479,0.0891,0.306,1
BGSI,0.2805,-0.008,-0.0184,1
BHE,0.072,0.0192,0.0475,1
BHF,-0.3707,-0.5247,-0.5508,0
BHP,,,,0
BHVN,,,-4.0319,0
BIDU,-0.0116,0.1074,0.0512,1
BIIB,0.0193,0.1289,0.0685,1
BILI,0.0669,0.0281,0.0536,0
BILL,0.135,0.0314,0.0134,1
BIO,0.0114,-0.8902,-0.3077,1
BIP,0.1686,,,0
BIPC,-0.0484,-0.1267,,0
BIRK,0.0766,0.1324,0.1132,1
BJ,0.0986,0.0252,0.2685,0
BKD,-0.0602,-0.009,,0
BKE,0.0611,0.1624,0.4087,1
BKH,-0.0304,0.1678,0.1328,0
BKNG,0.1617,0.1958,,1
BKR,0.0249,0.1412,0.1926,1
BKU,0.0716,0.2261,0.0821,1
BKV,0.3821,0.1171,0.0797,0
BLBD,-0.0173,0.0831,0.3934,1
BLCO,0.0941,-0.0571,-0.0445,0
BLD,0.1724,0.0725,0.1744,1
BLDR,-0.1013,-0.0144,-0.0474,1
BLK,0.2695,0.3302,0.1561,0
BLLN,0.8382,0.1658,0.1422,1
BLSH,-0.3537,-0.0112,-0.8783,1
BLTE,,,-0.1354,0
BLX,0.0612,0.6806,0.132,1
BMA,0.3066,0.0998,0.0958,1
BMI,-0.0897,0.1351,0.1584,1
BMNR,6.2782,-345.8394,-1.5494,0
BMO,0.0986,0.2753,0.1228,1
BMRN,0.0283,0.1377,0.0679,1
BMY,0.0257,0.233,0.5336,1
BN,0.0354,0.0055,0.0087,0
BNL,0.1169,0.3819,0.0641,1
BNS,0.0767,0.2699,0.1191,1
BNT,-0.3726,-0.4015,-0.1471,1
BNTX,-0.3539,-4.5038,-0.1138,0
BNY,0.1385,0.3058,0.1458,0
BOH,0.1436,0.2987,0.1239,1
BOKF,0.0948,0.2872,0.1043,0
BOOT,0.1873,0.0825,0.1348,0
BOX,0.1074,0.0579,0.4474,1
BP,0.1141,0.0735,0.2746,0
BPOP,0.1067,0.3084,0.1557,1
BPOPO,0.1067,0.3084,0.1557,1
BR,0.0783,0.1414,0.3921,1
BRC,0.1376,0.1328,0.172,1
BRKR,0.0275,0.0175,0.0235,1
BRO,0.3574,0.2266,0.1354,1
BROS,0.3076,0.0347,0.0925,1
BRUN,4.0257,-0.3759,-3.907,1
BRX,0.0513,0.36,0.1683,1
BRZE,0.302,-0.126,-0.1829,1
BSAC,0.0057,0.3731,0.2306,1
BSBR,-0.1496,0.2674,0.1018,1
BSM,0.0751,0.1071,,1
BSTZ,,,,0
BSX,0.1158,0.2577,0.2074,1
BSY,0.1448,0.2249,0.3112,1
BTDR,1.6941,-0.8444,-0.874,0
BTE,-0.0026,-0.1486,-0.1263,0
BTG,1.1775,0.1726,0.2179,1
BTI,,,,0
BTU,0.0387,-0.0333,-0.0371,0
BUD,0.1203,0.1679,,0
BULL,0.3626,-0.1358,-0.0853,0
BURL,0.1408,0.0402,0.2499,0
BUSE,0.5704,0.2547,0.0829,1
BVN,1.0296,0.537,0.3236,1
BW,0.4429,-0.3589,,1
BWA,0.0051,0.0685,0.1767,1
BWIN,0.2935,0.0044,0.0097,0
BWLP,-0.0269,0.1958,0.3457,1
BWXT,0.2608,0.1059,0.2845,1
BX,0.0624,0.2164,0.3105,1
BXMT,0.2545,-0.0395,-0.0074,1
BXP,0.008,0.1165,0.0788,1
BXSL,-0.7524,0.6231,0.0166,1
BYD,0.0058,0.1058,0.1664,0
BZ,0.0757,0.5591,0.2258,1
C,0.1418,0.2346,0.1097,0
CAAP,0.2005,0.1433,0.1708,1
CACC,0.0222,0.2363,0.3588,1
CACI,0.0849,0.0555,0.1219,1
CAE,0.0402,0.0551,0.0551,1
CAG,-0.0187,0.0717,0.0979,1
CAH,0.1105,0.0065,,1
CAI,0.7878,-0.0024,-0.0034,1
CAKE,0.0557,0.0506,0.4316,1
CALM,-0.5295,0.0757,0.0747,1
CALX,0.2713,0.04,0.0608,1
CALY,0.092,0.1354,0.1753,0
CAMT,0.0255,0.2601,0.1855,0
CAR,0.2118,-0.1114,,0
CARG,0.1476,0.1323,0.5436,1
CARR,0.0236,0.0446,0.0708,0
CART,0.136,0.1413,0.2405,1
CASY,0.145,0.0356,0.1647,1
CAT,0.2222,0.1464,0.5464,1
CATY,0.1437,0.4044,0.1164,1
CAVA,,,,0
CB,0.1066,0.1566,0.1258,1
CBC,0.3257,0.4059,0.117,1
CBOE,0.0651,0.303,0.2871,1
CBRE,0.1861,0.0302,0.1493,0
CBRS,,-0.0724,,0
CBSH,0.1591,0.2906,0.1317,1
CBT,-0.0342,0.0752,0.1735,1
CBU,0.0885,0.2679,0.1131,1
CC,0.0095,-0.021,-0.5395,0
CCC,0.1412,0.0548,0.0358,1
CCEP,,,,0
CCI,-0.0481,0.1495,,1
CCJ,0.0709,0.1547,0.074,0
CCK,0.1289,0.0537,0.24,0
CCL,0.0529,0.0806,0.1657,1
CCU,0.0023,0.0657,0.136,1
CDE,1.3779,0.2882,0.0948,1
CDLR,0.905,-0.0565,-0.0168,0
CDNL,1.0478,0.0204,0.1942,0
CDNS,0.1866,0.2277,0.2046,1
CDP,0.068,0.1922,0.1018,1
CDW,0.0925,0.0414,0.3685,1
CE,-0.0218,0.0188,0.0433,1
CECO,0.1654,-0.0019,-0.0051,0
CEF,-0.311,0.9981,0.2693,0
CEG,0.6385,0.143,0.1899,0
CELC,,,-3.9489,0
CELH,1.3768,0.1407,0.1463,1
CENT,0.0871,0.0876,0.1924,0
CENTA,0.0871,0.0876,0.1924,0
CENX,0.0241,0.5199,1.173,0
CEPU,0.6306,0.5459,0.2824,0
CF,0.1942,0.3097,0.4605,1
CFG,0.1204,0.2385,0.079,1
CFR,0.0641,0.2975,0.151,1
CG,-0.4711,-0.375,-0.0979,0
CGAU,0.6183,0.1639,0.1515,1
CGNX,0.2426,0.1926,0.1398,1
CGON,19.8269,-55.5882,-0.2206,0
CHA,0.0452,0.127,0.2302,1
CHD,0.0015,0.1472,0.2067,1
CHDN,0.0311,0.1252,0.3029,1
CHE,0.0163,0.1008,0.3127,1
CHEF,0.1139,0.0164,0.1141,1
CHH,0.0232,0.0596,0.591,0
CHKP,0.048,0.2867,0.2723,1
CHRD,0.3708,0.0652,0.054,1
CHRN,,,,0
CHRW,-0.0084,0.0367,0.3456,1
CHT,0.0765,0.1694,0.102,1
CHTR,-0.01,0.0855,0.2839,1
CHWY,0.0774,0.0282,0.8939,1
CHYM,0.248,0.0826,0.1483,1
CI,0.0464,0.0242,0.1567,1
CIB,0.1093,0.1971,0.1602,1
CIEN,0.3951,0.1389,0.3018,1
CIFR,-0.2884,-3.2814,-0.6403,0
CIG,0.0655,0.0001,,0
CIGI,0.151,-0.0183,-0.0635,0
CINF,0.1157,0.0957,0.0697,1
CL,0.0841,0.1213,17.8207,1
CLBK,0.1419,0.1951,0.0446,1
CLBT,0.193,0.0853,0.0857,1
CLDX,-0.9784,-5245.6667,-0.6899,0
CLF,0.0633,-0.0482,-0.1628,0
CLH,0.0193,0.0433,0.0911,0
CLM,,,,0
CLMT,0.036,-0.3079,,0
CLOV,0.6205,0.0365,0.3221,1
CLS,0.528,0.0525,0.4047,1
CLSK,-0.2493,-2.7736,-1.5346,0
CLX,0.0012,0.112,,0
CM,0.1401,0.3085,0.1496,1
CMBT,1.2108,0.7098,0.5016,1
CMC,0.2293,0.0697,0.1527,1
CMCSA,0.0525,0.0691,0.0985,1
CME,0.1448,0.614,0.1735,1
CMG,0.0741,0.0981,0.5031,1
CMI,0.0274,0.0779,0.2118,1
CMPR,0.1225,0.0156,,0
CMS,0.1157,0.1245,0.1437,0
CNA,0.0143,0.0583,0.0777,1
CNC,0.0713,0.0309,0.2877,1
CNH,-0.0005,0.0018,0.0036,0
CNI,-0.0055,0.2617,0.2137,1
CNK,0.1894,-0.01,-0.0672,0
CNM,-0.0005,0.0565,0.2118,1
CNO,0.0254,0.0366,0.0604,1
CNP,0.0188,0.1062,0.1104,0
CNQ,,,,1
CNR,0.0657,0.0194,0.023,1
CNS,0.0794,0.2807,0.3008,0
CNTA,,,-0.6504,0
CNX,0.2818,0.4448,0.301,1
COCO,0.3731,0.1695,0.3461,1
COF,0.5231,0.1427,0.0775,1
COGT,,,-0.6408,0
COHR,0.2055,0.106,0.0717,0
COHU,0.2926,-0.0965,-0.0628,1
COIN,-0.3054,-0.2789,-0.1169,1
COKE,0.1688,0.0604,,1
COLB,0.3788,0.2836,0.1002,1
COLD,0.0014,-0.0215,-0.0192,0
COLM,0.0007,0.044,0.0867,0
COMP,0.9941,0.0081,0.0312,0
CON,0.1374,0.0886,0.4755,1
COO,0.079,-0.072,-0.0378,1
COP,-0.0458,0.1385,0.1353,1
COR,0.0385,0.0209,1.9323,1
CORT,0.0489,-0.1926,-0.1991,0
CORZ,0.4492,-3.0126,,0
COST,0.1158,0.0311,0.2617,1
CP,-0.0248,0.2286,0.0728,1
CPA,0.1704,0.2019,0.2958,0
CPAY,0.2539,0.2776,0.3989,0
CPB,-0.044,0.0524,0.1231,1
CPK,0.1821,0.1679,0.1436,0
CPNG,0.0754,-0.0313,-0.2707,0
CPRI,-0.2309,-0.005,-0.2,0
CPRT,0.0209,0.3253,0.1834,1
CPRX,0.0563,0.4266,0.2517,1
CPT,-0.0046,0.1092,0.0421,1
CQP,0.2044,0.0517,,1
CR,0.2489,0.0964,0.128,0
CRBG,0.1292,-0.0146,-0.0196,0
CRC,0.0673,-0.7353,-0.9746,1
CRCL,0.1997,0.0796,0.0645,1
CRDO,1.5702,0.387,0.3278,1
CRGY,0.2449,-0.355,-0.3589,0
CRH,0.0909,-0.0239,-0.0305,0
CRK,0.1417,0.1835,0.1559,0
CRL,0.0118,-0.0149,-0.0202,0
CRM,0.1327,0.1893,0.2462,1
CRNX,28.7341,-11.9103,-0.3993,0
CROX,-0.0169,0.1493,0.3855,0
CRS,0.1162,0.172,0.2701,1
CRSP,,-122.931,-0.271,0
CRUS,0.0567,0.1824,0.1538,1
CRVL,0.0736,0.1248,0.3148,1
CRWD,0.2557,0.02,0.024,1
CRWV,1.1161,-0.3561,-0.622,0
CSAN,-0.0656,-0.1754,-1.8128,1
CSCO,0.1196,0.2129,0.2761,1
CSGP,0.2254,0.0033,0.0015,1
CSL,-0.0399,0.1214,0.309,0
CSQ,,,,0
CSTM,0.2436,0.0809,0.7113,1
CSW,0.5955,0.0654,0.0769,0
CSX,0.0172,0.2318,0.2378,1
CTAS,0.089,0.1768,0.4198,1
CTOS,0.0933,-0.0089,-0.0204,0
CTRE,0.6477,0.6795,0.0777,1
CTRI,0.3147,-0.0132,-0.0442,0
CTSH,0.0583,0.1223,0.1757,1
CTVA,0.1105,0.1468,0.1182,0
CUBE,0.0326,0.294,0.1251,1
CUBI,0.6035,0.314,0.1299,1
CURB,0.4986,0.0614,0.0075,1
CURLD,0.0574,0.2153,0.34,1
CUZ,0.0511,-0.0945,-0.022,0
CVBF,0.043,0.386,0.0879,1
CVCO,0.0822,0.0772,0.154,1
CVE,-0.061,0.1177,0.1931,1
CVI,0.2029,-0.097,-1.4275,1
CVLT,0.1333,0.047,7.8191,1
CVNA,0.5198,0.0389,0.2688,1
CVS,0.0617,0.0293,0.152,1
CVSA,0.045,0.0855,0.1221,1
CVX,0.0316,0.0465,0.0481,0
CW,0.1341,0.1403,0.1948,0
CWAN,0.7438,-0.0125,-0.0054,1
CWEN,0.1879,-0.4605,-0.3698,1
CWK,0.11,-0.005,-0.0258,0
CWST,0.0964,-0.0121,-0.0141,1
CWT,0.052,0.0188,0.0096,0
CX,0.1121,0.0567,0.0694,0
CXT,0.1738,0.0165,0.0207,0
CXW,0.2581,0.0617,0.1087,0
CYTK,11.2578,-10.6448,,0
CZR,0.0272,-0.0341,-0.1148,0
D,0.2314,0.1237,0.0852,0
DAC,0.0015,0.5535,0.1434,1
DAL,0.1292,-0.0182,-0.0567,1
DAN,0.0488,0.5819,2.224,0
DAR,0.1233,0.0866,0.1102,1
DASH,0.3311,0.0456,0.0722,1
DAVE,0.4671,0.3657,1.1372,1
DB,0.0142,0.2444,0.1086,0
DBD,0.0603,0.0056,0.0196,1
DBRG,0.6799,0.2972,0.0379,0
DBX,0.0077,0.1819,,1
DCI,0.0585,0.1187,0.2787,1
DCO,0.0859,0.0474,0.0592,1
DD,0.0428,0.0958,0.0459,1
DDOG,0.3215,0.0522,0.0527,1
DDS,0.0269,0.1577,0.4948,1
DE,0.0453,0.1354,0.2588,1
DECK,0.0955,0.1211,0.2169,1
DELL,0.8754,0.0784,,1
DEO,,,,0
DFTX,,,-1.1059,0
DG,0.0336,0.0412,0.2009,1
DGII,0.2511,0.0865,0.0679,1
DGX,0.0916,0.087,0.1368,1
DHC,-0.0527,-0.1181,-0.1068,1
DHI,-0.0227,0.0857,0.1097,0
DHR,0.0366,0.1729,0.0777,1
DHT,0.5727,0.8823,0.5339,0
DINO,0.1182,0.091,0.2682,1
DIOD,0.2209,0.0369,0.0317,1
DIS,0.0655,0.0893,0.0827,1
DJT,0.0609,-465.8098,-1.2957,1
DK,0.0042,-0.0759,-15.3371,1
DKL,0.1902,0.1088,,1
DKNG,0.1684,0.0128,0.1393,0
DKS,0.6268,0.0619,0.2283,0
DLB,0.0705,0.2399,0.145,1
DLO,0.5495,0.125,0.3035,1
DLR,0.1616,0.1096,0.0307,1
DLTR,0.0724,0.0698,0.3961,1
DNLI,,,-0.5548,0
DNN,-0.1956,-103.8689,-1.7664,0
DNOW,0.975,-0.0372,-0.0823,0
DNP,,,,0
DNTH,-0.6019,-88.1944,-0.136,0
DOC,0.0712,0.2572,0.099,1
DOCN,0.224,0.0612,0.0711,0
DOCS,0.0512,0.1315,0.0804,1
DOCU,0.0872,0.0942,0.1719,1
DOO,0.295,0.0541,0.7436,1
DORM,0.0415,0.0824,0.1188,1
DOV,0.1005,0.1161,0.1273,1
DOW,-0.0611,-0.0544,-0.1398,1
DOX,0.0388,0.1176,0.163,1
DPZ,0.0347,0.1215,,1
DRH,0.013,0.056,0.04,1
DRI,,,,0
DRS,0.0588,0.0733,0.0895,0
DRVN,0.0823,0.1132,0.2753,1
DSGX,0.1475,0.2504,0.119,1
DT,0.1944,0.0328,0.0267,1
DTE,0.1579,0.048,0.0802,0
DTM,0.1089,0.3869,0.1094,1
DUK,0.1126,0.1689,0.1139,0
DUOL,0.2653,0.1489,0.1249,1
DVA,0.0596,0.0578,,1
DVN,-0.1449,0.0315,0.0311,1
DX,-7.5372,,-0.1181,1
DXCM,0.1505,0.1674,0.2699,1
DXPE,0.0946,0.0383,0.156,1
DY,0.5611,0.0465,0.1926,0
DYN,,,-0.5588,0
E,0.0469,0.0542,0.0871,0
EA,0.1187,0.2175,0.2726,1
EAT,0.0316,0.087,1.2601,1
EBAY,0.195,0.1657,0.4642,1
EBC,,0.2325,0.0609,0
EC,-0.0874,0.1009,,0
ECG,0.2544,0.0562,0.3396,1
ECL,0.1004,0.1064,0.173,1
ECO,1.1231,0.519,0.4871,0
ED,0.0619,0.1814,0.1444,0
EDU,0.198,0.0895,0.1241,0
EE,0.3756,0.0284,0.0713,1
EEFT,0.1052,0.0371,0.1238,0
EFSC,0.1311,0.3177,0.0976,1
EFX,0.1435,0.104,0.1511,1
EFXT,0.058,0.0736,0.1509,1
EG,-0.068,0.1653,0.1708,1
EGO,0.4988,0.2561,0.1263,0
EGP,0.0906,0.4974,0.1058,1
EHC,0.0901,0.1226,0.3085,1
EIX,0.0766,0.1389,0.1316,0
EL,0.0456,0.024,0.0892,1
ELAN,0.1492,0.0416,0.0351,0
ELF,0.3507,-0.1099,-0.1747,1
ELPC,0.1995,0.0979,0.1162,1
ELS,0.0328,0.2843,0.245,1
ELV,0.0264,0.0352,0.1607,1
ELVN,,,-0.2085,0
EMA,0.0512,0.2069,0.1641,0
EMAT,,-234.3342,,0
EMBJ,0.3116,0.0231,0.0406,0
EME,0.1967,0.066,0.316,0
EMN,-0.0493,0.0492,0.0712,0
EMR,0.0293,0.1355,0.1218,1
ENB,0.2084,0.0795,0.1095,0
ENIC,0.0871,0.1352,0.1219,1
ENLT,0.4257,0.1538,0.0454,1
ENPH,-0.2055,-0.0262,-0.0269,1
ENS,0.0134,0.0782,0.1623,1
ENSG,0.1843,0.0717,0.1685,1
ENTG,0.0501,0.1133,0.0909,1
ENVA,0.1738,0.1041,0.26,1
EOG,0.1568,0.293,0.2562,1
EOSE,4.4474,8.9336,,0
EPAM,0.0756,0.0589,0.0962,0
EPD,-0.0669,0.1031,,1
EPR,0.0476,0.3658,0.1081,1
EPRT,0.2276,0.3765,0.0545,1
EQH,-0.0756,0.1468,9.0989,1
EQIX,0.0984,0.1698,0.1161,0
EQNR,-0.0534,0.1117,0.2851,1
EQPT,0.3813,-0.0293,-0.0966,0
EQR,0.025,0.1155,0.0338,1
EQT,0.4954,0.4112,0.2368,1
EQX,2.2427,0.3599,0.2025,1
ERAS,,,-1.8646,0
ERIC,-0.1035,0.018,0.0347,1
ERIE,0.0124,0.122,0.2557,1
ERO,1.1039,0.4133,0.3962,1
EROK,,0.1459,,0
ES,0.0937,0.1347,0.1468,1
ESAB,0.0995,0.0639,0.087,1
ESE,0.3346,0.1123,0.0876,0
ESI,0.4149,0.0665,0.0818,0
ESLT,0.1546,0.0735,0.151,1
ESNT,0.0583,0.5112,0.1206,1
ESS,0.0434,0.2191,0.0781,1
ESTA,0.4471,-0.2235,-3.6209,0
ESTC,0.1603,0.9672,1.3659,1
ET,0.3212,0.0452,,1
ETN,0.1684,0.1162,0.1757,1
ETOR,-0.3521,0.0339,0.2393,1
ETR,0.1197,0.1226,0.0901,0
ETSY,0.0312,0.1104,,1
ETY,,,,0
EVR,1.0028,0.2165,0.6761,0
EVRG,0.0503,0.1049,0.0597,0
EW,0.167,0.2309,0.1475,0
EWBC,0.1214,0.467,0.159,1
EWTX,,,-0.3975,0
EXC,0.0786,0.1269,0.1254,0
EXE,1.0027,0.2635,0.2372,1
EXEL,0.0997,0.3446,0.4349,1
EXG,,,,0
EXK,2.3024,0.3095,0.4027,0
EXLS,0.1384,0.1176,0.3445,0
EXP,0.019,0.1256,0.1632,0
EXPD,0.0437,0.0825,0.4021,1
EXPE,0.1466,-0.0018,-0.0417,1
EXPO,0.1429,0.1778,0.3496,0
EXR,0.0439,0.2815,0.0723,1
EXTR,0.1138,0.0334,0.5364,1
F,0.0638,0.0589,0.2721,0
FA,0.0863,0.0056,0.0067,1
FAF,0.1616,0.0681,0.0912,0
FANG,0.0444,0.0059,0.0027,1
FAST,0.1237,0.1543,0.3407,1
FBIN,-0.0211,0.0239,0.0411,0
FBK,0.3213,0.3332,0.1166,1
FBNC,0.1566,0.3856,0.1109,1
FBP,0.0333,0.3519,0.1805,1
FCF,0.1316,0.2811,0.0967,1
FCFS,0.2573,0.1024,0.1875,1
FCN,0.0947,0.0586,0.1387,0
FCNCA,0.0074,0.2312,0.0969,0
FCNCB,0.0074,0.2312,0.0969,0
FCPT,0.0936,0.3881,0.073,1
FCX,0.0883,0.1413,0.1807,1
FDS,0.0707,0.2178,0.25,1
FDX,0.083,0.044,0.1417,1
FDXF,,0.0561,0.1335,0
FE,0.1161,0.0964,0.128,0
FELE,0.0993,0.0686,0.1025,0
FER,-0.1621,,,0
FERG,-0.0196,0.0554,0.2819,1
FFBC,0.3106,0.2835,0.1013,1
FFIN,0.125,0.4375,0.1472,1
FFIV,0.1102,0.182,0.1619,1
FG,0.2728,0.2291,0.2147,1
FHB,0.0436,0.3198,0.098,1
FHI,0.1308,0.2012,0.3201,1
FHN,0.0608,0.313,0.1143,1
FIBK,-0.0211,0.249,0.0717,1
FICO,0.3869,0.3823,,1
FIG,0.4612,-0.4271,-0.391,1
FIGR,1.0933,0.3171,0.1391,0
FIS,0.3013,0.7181,0.5924,1
FISV,-0.0201,0.1136,0.0872,1
FITB,0.3137,0.0595,0.0194,0
FIVE,0.3246,0.0957,0.2129,1
FIX,0.5647,0.1293,0.5263,1
FIZZ,-0.0092,0.1557,0.2789,1
FLEX,0.1686,0.0334,0.1944,1
FLG,0.0163,0.0422,0.0103,0
FLNC,0.0771,-0.045,-0.2274,0
FLOC,0.0893,0.0355,0.0885,1
FLR,-0.0801,0.0437,0.2228,1
FLS,-0.0666,0.0765,0.1477,0
FLUT,0.1744,0.0502,0.0953,1
FLY,0.448,-1.1953,-0.35,0
FMCC,-0.031,0.5801,0.1925,1
FMCCG,-0.031,0.5801,0.1925,1
FMCCH,-0.031,0.5801,0.1925,1
FMCCI,-0.031,0.5801,0.1925,1
FMCCJ,-0.031,0.5801,0.1925,1
FMCCK,-0.031,0.5801,0.1925,1
FMCCL,-0.031,0.5801,0.1925,1
FMCCM,-0.031,0.5801,0.1925,1
FMCCN,-0.031,0.5801,0.1925,1
FMCCO,-0.031,0.5801,0.1925,1
FMCCP,-0.031,0.5801,0.1925,1
FMCCS,-0.031,0.5801,0.1925,1
FMCCT,-0.031,0.5801,0.1925,1
FMCKI,-0.031,0.5801,0.1925,1
FMCKJ,-0.031,0.5801,0.1925,1
FMCKK,-0.031,0.5801,0.1925,1
FMCKL,-0.031,0.5801,0.1925,1
FMCKM,-0.031,0.5801,0.1925,1
FMCKN,-0.031,0.5801,0.1925,1
FMCKO,-0.031,0.5801,0.1925,1
FMCKP,-0.031,0.5801,0.1925,1
FMS,-0.0552,0.0255,0.0355,1
FMX,0.0611,0.0714,0.2825,0
FN,0.3929,0.1031,0.2173,0
FNB,0.0949,0.3044,0.0806,1
FND,-0.0073,0.0345,0.0647,1
FNF,0.1687,0.0778,0.134,1
FNMA,-0.0115,0.5222,0.1321,1
FNMAG,-0.0115,0.5222,0.1321,1
FNMAH,-0.0115,0.5222,0.1321,1
FNMAI,-0.0115,0.5222,0.1321,1
FNMAJ,-0.0115,0.5222,0.1321,1
FNMAK,-0.0115,0.5222,0.1321,1
FNMAL,-0.0115,0.5222,0.1321,1
FNMAM,-0.0115,0.5222,0.1321,1
FNMAN,-0.0115,0.5222,0.1321,1
FNMAO,-0.0115,0.5222,0.1321,1
FNMAP,-0.0115,0.5222,0.1321,1
FNMAS,-0.0115,0.5222,0.1321,1
FNMAT,-0.0115,0.5222,0.1321,1
FNMFM,-0.0115,0.5222,0.1321,1
FNMFN,-0.0115,0.5222,0.1321,1
FNMFO,-0.0115,0.5222,0.1321,1
FNV,0.7663,0.7201,0.2312,1
FORM,0.3197,0.0901,0.077,1
FOUR,0.3219,0.0134,0.0363,1
FOX,-0.0863,0.0416,0.0605,1
FOXA,-0.0863,0.0416,0.0605,1
FPS,1.0336,0.0483,0.1638,1
FR,0.1003,0.7345,0.2076,1
FREGP,-0.031,0.5801,0.1925,1
FREJP,-0.031,0.5801,0.1925,1
FRHC,0.1929,0.015,0.0214,0
FRME,-0.0199,0.1792,0.0421,1
FRMI,,,-0.7039,0
FRO,0.6693,0.7828,0.7871,1
FROG,0.2579,-0.0537,-0.0358,1
FRPT,0.1307,0.163,0.1537,1
FRSH,0.1649,-0.021,-0.0189,1
FRT,0.1033,0.4665,0.1922,1
FRVO,,-578.0984,,0
FSK,-4.1866,,-0.3345,1
FSLR,0.2364,0.3319,0.1404,0
FSLY,0.1976,-0.1186,-0.084,1
FSM,0.7559,0.3241,0.2504,1
FSS,0.3489,0.1125,0.1963,1
FSV,0.053,0.0152,0.056,1
FTAI,0.6545,0.166,1.2778,0
FTDR,0.0635,0.0907,0.71,1
FTI,0.116,0.1045,0.3099,1
FTNT,0.2013,0.289,2.1603,1
FTS,0.0195,0.1537,0.0858,0
FTV,0.0768,0.1275,0.0897,1
FUL,0.0581,0.0714,0.1302,1
FULT,0.0424,0.2855,0.1081,1
FUN,0.1167,-1.1905,-3.8478,0
FUTU,0.2474,0.1452,0.0826,0
FWONA,0.5906,0.0802,0.0295,1
FWONK,0.5906,0.0802,0.0295,1
G,0.0668,0.1142,0.2392,0
GAP,0.0098,0.0969,0.371,1
GATX,0.3845,0.1465,0.1231,1
GBCI,0.3814,0.2742,0.0773,1
GBDC,-1.4666,,-0.0499,1
GBTG,0.3527,0.0619,0.1293,0
GCMG,0.0131,0.0431,0.8578,1
GD,0.1029,0.0835,0.1726,1
GDDY,0.0608,0.1694,3.6174,1
GDS,0.2365,0.7866,0.3359,0
GDV,,,,0
GE,0.2474,0.1536,0.4218,1
GEF,-0.0052,0.0117,0.0171,1
GEHC,0.0741,0.0758,0.1459,1
GEN,0.2703,0.3991,0.7844,1
GENB,,-8.5058,-0.4774,0
GEO,0.1663,0.0544,0.1024,1
GEV,0.1626,0.5081,1.3633,1
GFF,-0.0113,0.0458,0.8182,1
GFI,,,,0
GFL,0.0537,-0.1312,-0.1185,0
GFS,0.0309,0.063,0.0352,1
GGAL,0.0312,0.026,0.031,0
GGB,-0.038,0.0599,0.076,1
GGG,0.0225,0.2194,0.1729,1
GH,0.4826,-0.3715,,0
GHC,0.0601,0.0235,0.0246,1
GIB,0.033,0.107,0.1779,1
GIL,0.6383,-0.0564,-0.0772,0
GILD,0.0439,0.2904,0.3438,1
GIS,-0.0837,0.0683,0.1298,1
GKOS,0.4116,-0.1314,-0.1179,0
GL,0.0535,0.1735,0.1778,1
GLBE,0.3276,0.1204,0.1332,0
GLNG,1.2008,0.6076,0.175,0
GLPI,0.0626,0.552,0.2001,1
GLW,0.2005,0.0895,0.1256,1
GLXY,-0.2262,-0.0215,-0.4776,0
GM,-0.009,0.0602,0.1677,0
GMAB,0.2531,0.0592,0.0373,0
GME,0.1405,0.4664,0.2668,1
GMED,0.2704,0.1636,0.1051,1
GNRC,0.1244,0.0691,0.1095,1
GNTX,0.1711,0.1458,0.1574,1
GNW,-0.0219,0.027,0.0213,1
GOLF,0.0705,0.1081,0.3947,0
GOOG,0.2179,0.5694,0.5228,1
GOOGL,0.2179,0.5694,0.5228,1
GPC,0.068,0.0301,0.1685,0
GPCR,,,-0.21,1
GPGI,,,-0.3016,0
GPI,-0.0178,0.0241,0.1834,1
GPK,0.017,-0.0199,-0.053,0
GPN,0.6314,-0.6061,-0.3026,0
GPOR,0.3195,0.3658,0.3669,1
GRAB,0.2354,0.1424,0.0835,0
GRAL,0.2811,-2.2848,-0.1491,0
GRBK,-0.0487,0.1309,0.1272,1
GRC,0.0771,0.101,0.1677,1
GRDN,0.0221,0.0395,0.2408,1
GRFS,-0.1396,0.0429,0.0535,1
GRMN,0.1423,0.231,0.1748,1
GRND,0.3833,0.2059,127.5328,1
GS,0.1437,0.3268,0.1834,0
GSAT,0.1671,-0.2486,-0.2033,0
GSK,0.015,0.2277,0.3892,1
GTES,0.0041,0.0701,0.0709,1
GTLB,0.2315,-0.0188,-0.0202,1
GTLS,-0.1165,-0.0193,-0.0217,0
GTX,0.1219,0.0964,,1
GVA,0.3044,-0.0457,-0.1616,0
GWRE,0.2693,0.0442,0.05,1
GWW,0.1013,0.117,0.5649,1
GXO,0.1078,0.0012,0.0054,0
H,0.0175,0.0217,0.0471,1
HAE,0.0476,-0.0582,-0.1012,1
HAFN,0.2251,0.2678,0.2829,1
HAL,-0.0028,0.0853,0.1711,1
HALO,0.4223,0.3983,2.7327,1
HAPN,0.1587,0.2046,0.1355,0
HAS,0.1275,0.1984,1.2241,1
HASI,-1.4516,,-0.1178,1
HAWK,,-0.1805,-0.101,0
HAYW,0.1153,0.0915,0.058,0
HBAN,0.3401,0.2033,0.0643,1
HBM,0.273,0.2514,0.2155,1
HCA,0.043,0.0848,,1
HCC,0.5289,0.1577,0.1313,0
HCI,0.1205,0.3018,0.2696,1
HD,0.0479,0.0788,0.9482,1
HDB,,0.1905,0.1198,0
HE,0.0032,0.0408,0.0744,0
HEI,0.2531,0.1699,0.196,1
HESM,0.0202,0.2254,,1
HG,-0.0107,0.1727,0.1962,1
HGTY,-0.0503,-0.0144,-0.0821,1
HGV,0.1193,0.0514,0.2206,1
HHH,0.1836,0.0349,0.0087,0
HIG,0.0561,0.1197,0.1813,1
HII,0.1335,0.0481,0.1158,0
HIMS,0.0377,-0.1515,-0.8258,1
HIMX,-0.0749,0.0401,0.035,1
HIW,0.0681,0.1492,0.0539,1
HL,1.0037,-0.0462,-0.0296,1
HLI,-0.0462,0.1571,0.1705,1
HLIO,0.1683,0.0863,0.0842,1
HLN,,,,0
HLNE,-0.0223,0.3419,0.2892,1
HLT,0.0898,0.1311,,1
HMC,0.086,-0.1528,-0.301,1
HMY,,,,0
HNGE,0.4723,0.1927,0.451,1
HNI,1.2466,-0.0288,-0.0875,0
HOG,-0.1179,0.0211,0.0323,0
HOMB,0.0239,0.4494,0.1087,1
HON,0.0244,0.0898,0.2416,0
HOOD,0.151,0.328,0.1502,1
HP,-0.0824,-0.0629,-0.0927,0
HPE,0.4,0.0584,0.0987,1
HPQ,0.0899,0.0312,,1
HQY,0.0719,0.1957,0.1356,1
HR,-0.0669,-0.0002,-0.0001,0
HRB,0.0531,0.3536,,1
HRI,0.3229,-0.0211,-0.0506,0
HRL,0.0255,0.053,0.0792,1
HSAI,0.2955,0.0269,0.0082,0
HSBC,0.0781,0.3841,0.1493,0
HSIC,0.0631,0.0318,0.131,0
HST,0.032,0.3003,0.2894,1
HSY,0.1065,0.1402,0.3677,1
HTFL,0.4134,-0.5207,-0.3833,0
HTGC,-0.0677,0.627,0.0763,0
HTH,-0.0563,0.1259,0.0706,0
HTHT,0.1114,0.1363,0.2985,1
HTO,-0.0734,0.1037,0.0415,0
HUBB,0.111,0.1199,0.193,1
HUBG,,0.0306,0.0671,1
HUBS,0.2336,0.037,0.0652,1
HUM,0.2347,0.0299,0.2553,1
HUT,2.2554,-3.0957,-0.6373,0
HWC,-0.1991,0.1632,0.0429,1
HWKN,0.0839,0.0582,0.1158,1
HWM,0.191,0.2508,0.4201,1
HXL,0.0986,0.0742,0.1175,0
HYMC,,,-0.863,0
IAG,1.1591,0.3686,0.3504,1
IBKR,0.1455,0.1009,0.1912,1
IBM,0.0946,0.0764,0.1475,1
IBN,0.1035,0.2358,0.1626,0
IBOC,0.0516,0.4902,0.1243,1
IBP,-0.0355,0.0527,0.2085,1
IBRX,1.6764,-14.3144,,0
ICE,0.1353,0.3854,0.1917,1
ICHR,0.0475,-0.0096,-0.0148,0
ICL,0.1449,0.0623,0.0834,1
ICLR,0.0093,0.0515,0.0451,1
ICUI,-0.1232,0.0568,0.0571,1
IDA,-0.0672,0.1685,0.0747,0
IDCC,-0.0242,0.3667,0.2729,1
IDXX,0.1426,0.2441,0.7158,1
IDYA,,-15.0212,-0.4205,0
IEP,0.1392,-0.1857,,1
IESC,0.1683,0.1128,0.4098,1
IEX,0.0892,0.1353,0.1185,1
IFF,-0.0359,0.0617,0.0479,1
IFS,0.1344,0.3137,0.194,0
IHG,,,,0
IHS,0.0594,0.1825,,1
ILMN,0.048,0.1228,0.2003,1
IMAX,-0.061,0.0519,0.0504,0
IMNM,,,-0.3658,0
IMO,0.0163,0.0779,0.1653,1
IMOS,0.2537,0.0728,0.0821,0
IMVT,,,-0.6937,0
INCY,0.2087,0.2383,0.2158,1
INDB,0.4214,0.3193,0.0903,1
INDV,0.1917,0.2808,,0
INFQ,,-3.1987,-0.2068,0
INFY,0.0655,0.1823,0.3756,1
ING,0.0334,0.2672,0.1223,0
INGM,0.137,0.0071,0.0941,0
INGR,-0.0116,0.0792,0.1284,0
INIO,,-0.0108,-0.1283,1
INOD,0.5442,0.1654,0.4646,1
INPAP,0.1343,0.01,0.0162,1
INSM,2.2962,-0.5346,-0.9282,0
INSW,0.7747,0.8792,0.5216,1
INTC,0.0718,-0.2746,-0.1339,0
INTR,0.3282,0.1617,0.1549,1
INTU,0.1037,0.358,0.5941,1
INVH,0.0884,0.2186,0.0706,1
IONQ,7.5472,12.4538,0.6474,0
IONS,0.8698,-0.376,-0.7532,0
IOSP,0.0281,0.0671,0.0904,1
IOT,0.3052,0.0929,0.1181,1
IP,0.1343,0.01,0.0162,1
IPAR,0.0179,0.1257,0.1968,0
IPGP,0.1655,0.006,0.003,0
IQV,0.0841,0.066,0.1762,1
IR,0.076,0.104,0.0755,1
IRDM,0.0194,0.0986,0.1844,1
IREN,-0.0002,-1.7116,-0.372,0
IRM,0.2158,0.0742,,0
IRON,,,-0.369,0
IRT,0.0253,-0.0004,-0.0001,1
IRTC,0.2566,-0.0699,-0.3457,0
ISRG,0.2296,0.2965,0.188,1
IT,-0.0151,0.1471,14.0316,1
ITGR,0.005,0.0375,0.0389,1
ITRI,-0.0332,0.0911,0.133,1
ITT,0.3274,0.0644,0.0659,1
ITUB,-0.0343,0.2829,0.2219,1
ITW,0.0461,0.1912,0.9514,1
IVT,0.1194,0.0628,0.0117,1
IVZ,0.1408,0.154,0.0877,1
IX,0.3766,0.0949,0.0514,0
J,0.2695,-0.0124,-0.0557,0
JAN,,0.1564,0.0579,1
JAZZ,0.1906,0.2742,0.2587,1
JBHT,0.0462,0.0463,0.1575,1
JBL,0.1179,0.0314,0.8314,1
JBLU,0.0467,-0.1424,-0.705,0
JBS,0.1066,0.0102,0.1072,0
JBTM,0.096,0.0481,0.0402,1
JCI,0.0821,0.0998,0.1814,1
JD,0.0485,0.0162,0.0943,1
JEF,,,,0
JHG,0.1104,0.1317,0.0702,1
JHX,0.4451,0.0203,0.0177,1
JKHY,0.0874,0.1932,0.2303,1
JLL,0.1114,0.0249,0.087,0
JNJ,0.0991,0.2176,0.2579,1
JOBY,,-4.5348,-0.2247,0
JOE,0.0515,0.1407,0.0728,1
JOYY,0.1241,0.0912,0.031,0
JPM,0.0994,0.331,0.1812,0
JXN,-0.2186,-0.1458,-0.1786,1
KAI,0.1768,0.0906,0.1025,1
KALU,0.4237,0.0565,0.285,1
KB,0.0827,0.3285,0.1275,1
KBH,,,,0
KBR,-0.0471,0.053,0.2576,1
KC,0.3725,-0.1272,-0.1528,1
KD,-0.0082,0.0045,0.0579,1
KDP,0.0938,0.0679,0.0428,1
KEEL,-0.2237,-3.9293,-1.3872,0
KEN,0.7322,0.082,0.0693,0
KEP,0.0072,0.1022,0.1984,1
KEX,0.0744,0.0962,0.0951,1
KEY,0.1073,0.2734,0.1045,0
KEYS,0.3147,0.2033,0.2205,1
KFY,0.0673,0.0952,0.1483,1
KGC,0.6078,0.3501,0.3706,1
KGS,0.0489,0.0515,0.0608,0
KHC,0.008,0.132,0.0761,1
KIM,,0.2955,0.0635,1
KKR,0.3922,0.0953,0.0532,1
KLAC,0.1149,0.3517,0.8239,1
KLAR,,-0.0049,-0.0081,0
KLIC,0.4978,0.1449,0.1639,1
KLRA,,,,0
KMB,0.0269,0.1597,1.4811,1
KMI,0.1384,0.2022,0.1246,1
KMT,0.2183,0.0983,0.1719,0
KMX,0.0619,0.0232,0.1214,0
KN,0.1581,0.0634,0.0497,0
KNF,0.1603,-0.1931,-0.2031,0
KNSA,0.5551,0.1054,0.1492,1
KNSL,0.1023,0.2412,0.2288,1
KNTK,-0.0751,-0.0125,,1
KNX,0.0142,-0.0007,-0.0007,1
KO,0.1207,0.3146,0.4667,1
KOD,,,-2.0752,0
KOF,0.011,0.0612,0.1257,0
KR,,0.0196,0.5581,1
KRC,-0.0029,-0.0713,-0.0146,1
KRG,-0.0922,0.0568,0.016,1
KRMN,0.5102,0.0515,0.0768,0
KRYS,0.3195,0.4807,0.1752,1
KSPI,0.3134,0.231,0.3717,1
KT,-0.0097,0.052,0.0775,0
KTB,0.4499,0.1507,0.5975,1
KTOS,0.226,0.0321,0.014,0
KVUE,0.0449,0.1213,0.1787,1
KVYO,0.2794,0.0252,0.0313,1
KWR,0.0848,0.0409,0.0572,0
KYIV,0.2667,0.2632,0.2535,1
KYMR,0.555,-2.0147,-0.1799,0
KYN,,,-0.1648,0
L,0.014,0.0749,0.0721,0
LAD,0.0101,0.0108,0.0629,0
LAMR,0.0447,0.1918,0.4178,1
LASR,0.5519,0.008,0.006,1
LAUR,0.1543,-0.0792,-0.0824,1
LAZ,0.1735,0.1308,0.458,0
LB,0.1605,0.1709,,1
LBRDA,,,0.1377,0
LBRDB,,,0.1377,0
LBRDK,,,0.1377,0
LBRT,0.0447,0.0221,0.0463,0
LBTYA,0.0883,0.265,0.1422,0
LBTYB,0.0883,0.265,0.1422,0
LBTYK,0.0883,0.265,0.1422,0
LCID,0.2017,-3.6406,,0
LCII,0.043,0.0577,0.1815,0
LCLN,,-0.0511,-0.3017,1
LDOS,0.0365,0.0745,0.2617,1
LEA,0.0472,0.0296,0.1355,0
LECO,0.1165,0.1216,0.361,1
LEGN,0.5646,-0.178,-0.2244,0
LEN,-0.0522,0.0384,0.0564,0
LEU,0.0492,0.1304,0.0516,0
LEVI,0.1413,0.1009,0.3187,1
LFST,0.2117,0.0353,0.0386,1
LFTO,0.3712,0.2399,,1
LFUS,0.1852,0.1144,0.1196,1
LGN,1.0514,0.0155,0.1274,1
LGND,0.1409,-0.258,-0.0535,1
LH,0.0575,0.0785,0.1273,1
LHX,0.1193,0.0891,0.1041,0
LI,-0.1135,-0.0996,-0.1307,1
LIF,0.3812,0.0194,0.0186,1
LIFX,0.3812,0.0194,0.0186,1
LII,0.0583,0.1033,0.3862,0
LIN,0.0825,0.2115,0.1926,1
LINE,0.0039,-0.0355,-0.0227,0
LION,-0.1526,0.0774,,1
LITE,0.9012,0.1784,0.194,1
LIVN,0.1433,0.0615,0.0736,1
LKQ,0.0427,0.0228,0.0489,0
LLY,0.5554,0.3736,0.9483,1
LLYVA,,-4.6234,,0
LLYVB,,-4.6234,,0
LLYVK,,-4.6234,,0
LMAT,0.1116,0.2356,0.1542,1
LMND,0.7063,-0.1388,-0.2764,0
LMT,0.0032,0.0826,0.7948,0
LNC,0.1287,-0.0323,-0.0674,1
LNG,0.0779,-0.5968,-3.7305,1
LNT,0.0496,0.1892,0.1207,1
LNTH,0.0123,0.3138,0.3907,1
LNWO,0.0207,0.0658,0.6688,1
LOAR,0.3613,0.0714,0.0378,1
LOGI,0.0744,0.1322,0.2595,1
LOPE,0.0672,0.244,0.4329,1
LOW,0.1026,0.0705,,1
LPL,-0.0876,-0.1031,-0.3534,0
LPLA,0.3456,0.0722,0.2507,1
LPX,-0.2072,0.047,0.0624,0
LQDA,41.5849,0.3979,1.9474,1
LRCX,0.2376,0.3125,0.6898,1
LRN,0.0269,0.1405,0.2157,1
LSCC,0.4224,0.1277,0.1179,1
LSTR,0.0163,0.0337,0.1975,1
LTH,0.1171,0.1117,0.1095,0
LTM,0.2186,0.1412,1.191,1
LU,,,,0
LULU,0.0426,0.0789,0.1617,1
LUMN,-0.0889,-0.069,,1
LUNR,1.937,-0.2036,,0
LUV,0.1277,0.0313,0.1321,1
LVS,0.2526,0.1582,1.8932,1
LW,0.0291,0.0345,0.1182,0
LXP,-0.0328,-0.0028,-0.0005,1
LYB,-0.0625,0.0171,0.049,0
LYFT,0.1381,0.0086,0.0188,1
LYG,0.1042,0.2953,0.1275,0
LYV,0.1215,-0.1026,,1
M,0.0207,0.0129,0.0521,1
MA,0.1583,0.4623,2.3111,1
MAA,0.0081,0.2246,0.0895,1
MAAS,,,,0
MAC,-0.0308,-0.1505,-0.0596,1
MAIN,-0.4737,0.667,0.0633,0
MAIR,,0.0364,12.1081,1
MANE,,,-0.2788,0
MANH,0.0739,0.1747,0.961,1
MANU,0.1802,-0.0621,-0.2626,0
MAR,0.0624,0.0974,,1
MARA,-0.1836,-7.2137,-2.2574,0
MAS,0.065,0.1111,,0
MAT,0.043,0.0708,0.1159,0
MATX,-0.0309,0.0747,0.0829,1
MBIN,0.1997,0.3891,0.1163,0
MBLY,0.274,-6.8423,-1.8707,1
MBX,,,-0.2149,0
MC,0.043,0.1202,0.3156,0
MCD,0.0944,0.3043,,1
MCHB,0.3611,0.2204,0.0632,1
MCHP,0.3511,0.11,0.0897,1
MCK,0.0602,0.0175,,1
MCO,0.0806,0.3179,0.8831,1
MCRI,0.089,0.2021,0.2007,1
MCY,0.1047,0.1237,0.2941,1
MDA,0.3222,0.0638,0.0641,0
MDB,0.2525,0.0064,0.006,1
MDGL,1.2684,-0.3032,-0.6947,0
MDLN,0.1066,0.0175,0.0458,1
MDLZ,0.0824,0.0556,0.087,1
MDT,0.0986,0.1268,0.1006,1
MDU,-0.102,0.1334,0.1113,1
MEDP,0.265,0.1753,0.8281,1
MELI,0.4903,0.0471,0.2291,1
MEOH,0.0862,-0.014,-0.0226,1
MET,0.0179,0.0637,0.1735,1
META,0.3308,0.4754,0.4395,1
MFC,0.3115,0.1006,0.0927,1
MFG,0.6322,0.1729,0.0809,0
MGA,0.031,-0.0012,-0.004,1
MGEE,0.1084,0.1998,0.1437,0
MGM,0.0415,0.0281,0.2057,1
MGNI,0.0552,0.0268,0.0192,0
MGRC,0.016,0.1362,0.0874,0
MGY,0.0234,0.2784,0.1961,1
MHD,,,,0
MHK,0.0803,0.0429,0.0559,1
MHO,-0.0567,0.0737,0.085,1
MIAX,0.1303,0.4605,0.639,1
MICC,,,,0
MIDD,0.1496,-0.0596,-0.0843,1
MIR,0.2752,-0.0132,-0.0074,1
MIRM,0.4328,-4.9421,-13.0338,0
MKC,0.167,0.0775,0.0858,1
MKL,-0.135,-0.0738,-0.0468,0
MKSI,0.1517,0.0779,0.1195,1
MKTX,0.1189,0.3337,0.2617,0
MLCO,0.1091,0.0562,,0
MLI,0.1928,0.2003,0.2867,1
MLM,0.1721,1.1109,0.5358,1
MLYS,,,-0.2466,0
MMED,0.2183,-0.221,-0.2049,0
MMM,0.0128,0.1083,0.8005,1
MMS,-0.041,0.0751,0.2311,1
MMSI,0.0746,0.1074,0.1008,1
MMYT,,,,0
MNDY,0.2445,0.0798,0.1478,1
MNR,0.2609,-0.1225,,1
MNSO,0.2849,0.2199,0.456,0
MNST,0.2689,0.242,0.261,1
MO,0.0529,0.4588,,1
MOD,0.4747,0.0768,0.2455,1
MOH,-0.0315,0.0013,0.0137,1
MORN,0.1081,0.1661,0.4205,1
MOS,0.1439,-0.0859,-0.0873,0
MP,0.4907,-0.0879,-0.0162,0
MPC,0.0851,0.0149,0.122,1
MPLX,-0.0281,0.325,,1
MPT,0.1263,0.1302,0.0289,0
MPWR,0.2614,0.2403,0.2102,1
MRCY,0.1154,-0.0121,-0.0077,0
MRK,0.0487,-0.2603,-0.3697,1
MRNA,2.6355,-3.4524,-0.7252,0
MRP,,0.6304,0.084,1
MRSH,0.0759,0.1508,0.3146,0
MRVL,0.2757,0.0143,0.0076,1
MRX,0.5403,0.0843,0.3333,0
MS,0.1699,0.2881,0.1948,0
MSA,0.1004,0.1537,0.2103,1
MSCI,0.1408,0.4772,,1
MSFT,0.183,0.3834,0.3068,1
MSGE,0.0157,0.0208,0.4258,1
MSGS,0.0189,-0.0462,,1
MSI,0.0736,0.1349,0.5755,1
MSM,0.0292,0.0463,0.1228,1
MSTR,0.1192,-100.9064,-1.0994,0
MT,0.0445,0.0372,0.0417,0
MTB,0.0442,0.2757,0.095,1
MTCH,0.0394,0.1931,,1
MTD,0.0717,0.1789,,1
MTDR,-0.0642,-0.0381,-0.0257,1
MTG,-0.0299,0.5564,0.1313,1
MTH,-0.1765,0.0492,0.0434,1
MTN,-0.0698,0.2609,2.2796,0
MTRN,0.3081,0.0352,0.081,0
MTSI,0.225,0.1603,0.1307,1
MTX,0.112,0.0662,0.0838,1
MTZ,0.3445,0.0159,0.0735,1
MU,3.4572,0.6813,1.1216,1
MUFG,0.3353,0.2853,0.1102,0
MUR,0.0886,0.0724,0.0416,0
MUSA,0.0649,0.0283,0.8277,1
MWA,0.0552,0.1537,0.2208,0
MWH,0.5349,-0.0345,-0.216,1
MXL,0.43,-0.329,-0.3975,0
MYRG,0.2,0.0468,0.2664,1
MZTI,-0.0098,0.0817,0.1419,1
NAD,,,,0
NAMS,0.0208,-15.9345,-0.2913,0
NATL,0.0654,0.0211,0.2222,0
NAVN,0.3986,-0.0931,-0.0663,0
NBIS,6.8389,1.5569,0.3432,0
NBIX,0.4225,0.243,0.2323,1
NBTB,0.1939,0.2781,0.1069,1
NCLH,0.0957,0.0449,0.1722,0
NDAQ,0.0196,0.2429,0.1725,1
NDSN,0.0848,0.1584,0.1465,1
NE,-0.1015,0.1537,0.1053,1
NEA,,,,0
NEE,0.0727,0.3256,0.1581,0
NEM,0.4585,0.4464,0.3736,1
NESR,0.3348,0.0589,0.0958,0
NET,0.3354,-0.0358,-0.0601,1
NEU,-0.0446,0.1763,0.2726,1
NFG,0.1759,0.2885,0.259,1
NFLX,0.1619,0.4313,0.6789,1
NG,,,-0.2422,0
NGG,,,,0
NGL,,-0.303,,1
NGVT,0.0407,0.2318,6.1491,0
NHC,0.0217,0.0939,0.1315,1
NHI,0.2893,0.3483,0.1059,1
NI,0.0824,0.2146,0.21,0
NIC,0.5079,0.1127,0.0269,1
NICE,0.0977,0.0609,0.0509,1
NIO,1.1216,-0.0194,-0.4571,0
NIQ,0.1106,-0.084,-0.3935,0
NJR,0.0289,0.233,0.3306,1
NKE,0.0009,0.0461,0.1476,1
NKTR,0.0383,-4.1344,-0.3117,0
NLY,0.8536,0.8508,0.0695,0
NMIH,0.059,0.5414,0.1509,1
NMM,0.1739,0.2979,,0
NMR,0.1187,0.186,0.0798,0
NMRK,0.272,0.017,0.0412,0
NMZ,,,,0
NN,-0.3535,-10.6744,,0
NNI,0.069,0.196,0.0762,1
NNN,0.0415,0.3908,0.0855,1
NNNN,,,,0
NOC,0.0436,0.0886,0.2045,0
NOG,-0.0625,-0.961,-1.172,0
NOK,0.0244,0.0191,0.0162,1
NOV,-0.0243,0.0093,0.0122,0
NOVT,0.1043,0.0819,0.0644,1
NOVTU,0.1043,0.0819,0.0644,1
NOW,0.2209,0.1244,0.16,1
NP,0.2876,0.1944,,1
NPO,0.1091,0.0904,0.0701,1
NRG,0.1946,0.0122,0.1026,0
NSA,-0.0157,0.0959,0.0779,1
NSC,0.0017,0.1825,0.1384,0
NSIT,0.0116,0.0141,0.0749,1
NTAP,0.1247,0.2074,1.1962,1
NTB,0.0551,0.4016,0.2205,1
NTCT,-0.0095,0.0898,0.0442,1
NTES,0.0611,0.3489,0.2592,1
NTLA,-0.095,-6.3949,-0.6199,0
NTNX,0.1003,0.1025,,1
NTR,0.1855,0.0217,0.0208,0
NTRA,0.3882,-0.1221,-0.1919,1
NTRS,0.137,0.2383,0.1619,0
NTSK,0.278,-0.5779,-2.6549,0
NU,0.5723,0.2465,0.2771,0
NUE,0.2128,0.0782,0.1385,1
NUVB,25.987,0.0648,0.0676,1
NUVL,,,-0.3722,0
NVDA,0.8523,0.7146,1.1934,1
NVG,,,,0
NVMI,0.1029,0.2943,0.1997,1
NVO,0.2399,0.5015,0.9565,1
NVR,-0.2169,0.1052,0.2271,1
NVS,-0.007,0.2334,0.3278,1
NVST,0.1436,0.0549,0.0503,0
NVT,0.5347,0.1147,0.15,1
NVTS,-0.3866,-3.9294,-0.3217,0
NWBI,0.1177,0.2901,0.1062,1
NWE,0.0663,0.1275,0.0873,1
NWG,0.095,0.3453,0.1379,0
NWL,-0.0109,-0.0213,-0.0564,0
NWN,-0.0079,0.1988,0.2473,1
NWS,0.0876,0.0407,0.0415,1
NWSA,0.0876,0.0407,0.0415,1
NXE,,,-0.3676,0
NXPI,0.122,0.3527,0.4107,1
NXST,0.1313,0.1175,0.3026,1
NXT,-0.0474,0.171,0.2581,1
NYAX,0.3174,0.012,0.0218,0
NYT,0.12,0.1234,0.1757,1
NZF,,,,0
O,0.1016,0.2155,0.0319,1
OBDC,-1.008,,-0.0136,1
OC,-0.1047,-0.0464,-0.1153,0
OCTV,,0.1226,0.0247,1
OCUL,0.0081,-8.2162,-0.6095,0
ODFL,-0.0292,0.1785,0.2166,1
OGC,0.9853,0.3197,0.3821,1
OGE,0.0066,0.0667,0.0407,0
OGN,-0.035,0.1,0.6467,1
OGS,-0.1107,0.1547,0.146,1
OHI,0.1668,0.4677,0.1164,1
OII,0.0265,0.0521,0.1305,0
OKE,0.1958,0.0805,0.1385,1
OKLO,,,-0.0501,0
OKTA,0.1119,0.0967,0.0429,1
OLED,-0.1447,0.2524,0.0843,1
OLLI,0.1425,0.0856,0.1194,1
OLN,-0.0372,-0.0524,-0.1914,0
OMAB,0.0694,0.3231,0.3948,1
OMC,0.6917,0.0649,0.1717,0
OMF,0.0639,0.1787,0.2677,1
ON,0.0468,-0.0221,-0.0183,1
ONB,0.4434,0.3363,0.1098,1
ONC,0.3546,0.1502,0.191,1
ONDS,10.799,7.2413,1.3518,0
ONON,0.1449,0.1242,0.2332,1
ONTO,0.0951,0.1156,0.0633,1
OPCH,0.0133,0.0336,0.1342,0
OPEN,-0.3755,-0.2403,-0.7254,0
OPLN,0.1474,0.0926,0.156,1
OR,0.8725,0.7156,0.1998,0
ORA,0.758,0.1091,0.0686,0
ORCL,0.2063,0.2244,0.405,0
ORI,0.1349,0.1376,0.2233,1
ORKA,,,-0.2631,0
ORLA,1.6934,0.199,0.3987,1
ORLY,0.1024,0.1325,,1
OSCR,0.5255,0.1461,1.6323,1
OSIS,0.02,0.0887,0.1799,1
OSK,0.0022,0.0186,0.0386,0
OSW,0.1275,0.0861,0.1519,1
OTEX,0.0224,0.1346,0.1743,1
OTF,-2.8564,,-0.1156,0
OTIS,0.0645,0.0953,,1
OTTR,0.0287,0.2092,0.1522,0
OUST,0.4887,-0.3595,-0.2535,0
OUT,0.0996,0.0445,0.1154,1
OVV,0.0652,-0.2488,-0.218,1
OWL,0.1029,0.0206,0.0296,1
OXY,-0.0831,0.6396,0.3437,0
OZK,0.0217,0.3907,0.1061,1
P,0.3525,0.0229,0.0668,1
PAA,0.0865,0.0122,,1
PAAS,0.4929,0.396,0.2486,1
PAC,0.0284,0.2913,0.5155,1
PACS,0.1122,0.0568,0.3112,1
PAG,-0.0113,0.0298,0.1656,1
PAGP,0.0865,0.0016,,1
PAGS,0.0321,0.109,0.1503,1
PAM,0.3841,0.3735,0.2266,0
PANW,0.3115,-0.059,-0.0256,1
PARR,0.0451,0.0299,0.1437,0
PATH,0.1732,0.0538,0.0473,1
PATK,-0.0062,0.0396,0.1329,0
PAY,0.3023,0.0583,0.1431,1
PAYC,0.0779,0.2723,0.7673,1
PAYO,0.1135,0.0932,0.1188,1
PAYP,,,,0
PAYX,,,,0
PB,0.1837,0.3327,0.0567,1
PBA,-0.0771,0.2365,0.1179,1
PBF,0.1186,0.0251,0.1437,0
PBH,-0.0503,0.1915,0.1143,1
PBI,-0.0324,0.1218,,1
PBLS,,,-0.7422,0
PBR,0.0044,0.2641,0.2935,1
PCAR,-0.0894,0.0893,0.1226,1
PCG,0.1501,0.1286,0.1065,0
PCOR,0.1566,-0.0253,-0.0303,1
PCTY,0.105,0.2215,0.3769,1
PCVX,,,-0.4281,0
PDD,0.1103,0.1181,0.1185,1
PDFS,0.2585,0.0797,0.0683,0
PDI,,,,0
PEB,0.0793,-0.0558,-0.0316,1
PECO,0.0697,0.1593,0.0533,1
PEG,0.1943,0.1926,0.1713,1
PEGA,-0.096,0.0762,0.1857,1
PEN,0.1562,0.0869,0.0884,1
PENG,-0.0616,0.1092,0.2507,1
PENN,0.0637,-0.0013,-0.005,1
PEP,0.085,0.1197,0.4353,0
PFE,0.0536,0.186,0.1193,1
PFG,-0.0451,0.1203,0.1437,1
PFGC,0.0643,0.0026,0.0353,1
PFS,0.0787,0.3527,0.111,1
PFSI,-0.0963,0.0852,0.0761,0
PG,0.0738,0.1852,0.2886,1
PGNY,0.0138,0.0738,0.2206,1
PGR,0.0871,0.1271,0.3518,1
PH,0.106,0.1648,0.2475,1
PHG,-0.0469,0.0387,0.053,1
PHI,0.0224,0.1569,0.2817,1
PHIN,0.103,0.0421,0.0955,1
PHM,-0.1244,0.1018,0.1071,1
PHVS,,,-0.6635,0
PHYS,-0.2047,0.9987,0.3034,0
PI,-0.0004,-0.3402,-0.4955,1
PII,0.08,-0.0286,-0.2527,0
PINS,0.1784,-0.073,-0.1033,1
PIPR,0.3331,0.139,0.1945,0
PJT,0.2886,0.1447,0.8873,1
PK,-0.0127,0.0177,0.0142,0
PKG,0.1059,0.0722,0.149,1
PKX,0.0252,0.0261,0.0329,0
PL,0.4208,-1.475,-1.2519,0
PLAB,-0.005,0.1497,0.1013,1
PLBL,,,,0
PLD,0.0739,0.4274,0.0734,1
PLDGP,0.0739,0.4274,0.0734,1
PLMR,0.5973,0.154,0.1791,1
PLNT,0.2189,0.1529,,1
PLTR,0.8471,0.5332,0.4121,1
PLUG,0.2232,-1.5002,-1.3086,0
PLUS,0.1677,0.043,0.0937,1
PLXS,0.1873,0.0428,0.1337,1
PM,0.0909,0.2403,,0
PNC,0.1303,0.2859,0.1106,1
PNFP,1.6833,0.1265,0.0411,1
PNR,0.026,0.1663,0.181,0
PNW,0.1136,0.0286,0.0186,0
PODD,0.3387,0.1196,0.2797,1
POET,2.0186,-24.522,-0.1101,0
PONY,1.4501,-1.4717,-0.1249,0
POOL,0.062,0.0468,0.1879,1
POR,-0.0528,0.0512,0.0437,1
POST,0.0465,0.0401,0.1026,1
POWI,0.0263,0.0305,0.0196,1
POWL,0.0645,0.1547,0.2589,1
PPC,0.0156,0.0224,0.109,0
PPG,0.0668,0.0972,0.1885,0
PPL,0.1078,0.1629,0.1204,0
PPLC,0.1078,0.1629,0.1204,0
PPLI,-0.1221,-0.17,-0.0632,1
PPTA,,,-0.2383,0
PR,0.0085,0.0314,0.0154,1
PRAX,,,-0.2626,0
PRDO,0.041,0.2433,0.2158,1
PRI,0.0843,0.2178,0.3018,1
PRIM,-0.0535,0.0112,0.0413,0
PRK,0.2258,0.2613,0.0981,1
PRKS,-0.0302,-0.1224,,0
PRM,0.7363,0.5832,0.2421,0
PRMB,0.0077,0.0168,0.0369,0
PRU,0.1484,0.0384,0.0747,1
PRVA,0.2578,0.0051,0.0163,0
PS,,-2.5665,,1
PSA,0.0292,0.4322,0.2282,1
PSKY,0.0216,0.0229,0.0574,1
PSLV,-0.2886,0.9959,0.1611,0
PSMT,0.0965,0.0328,0.1473,1
PSN,-0.0406,0.0355,0.0799,0
PSNY,,-0.6051,,0
PSNYW,,-0.6051,,0
PSO,,,,0
PSX,0.0693,0.0064,0.029,0
PTC,0.2168,0.7629,0.6122,1
PTCT,-0.7683,-0.0103,,0
PTEN,-0.1275,-0.022,-0.0312,0
PTGX,0.9903,0.0671,0.0231,0
PTON,0.0111,0.0418,,1
PTRN,0.4318,0.0378,0.1917,1
PTY,,,,0
PUK,,,,0
PVH,0.0209,0.0435,0.0719,0
PWR,0.2633,0.028,0.0976,1
PYPL,0.0721,0.1332,0.2223,1
Q,0.1762,0.1148,0.0841,1
QBTS,-0.8095,-6.423,-0.0653,0
QCOM,-0.0346,0.6953,1.0807,1
QGEN,0.0183,0.1382,0.0817,1
QLYS,0.0984,0.2883,0.3555,1
QNT,,-3.1961,-0.1649,0
QRVO,-0.0704,0.0368,0.0356,1
QS,,,-0.3633,0
QSR,0.0735,0.1493,0.3612,1
QTWO,0.1411,0.123,0.1742,1
QUBT,93.641,-1.0973,-0.0101,0
QURE,1.2731,-15.0295,-1.4339,0
QXO,127.163,-0.1313,-0.0894,1
R,-0.0006,0.0296,0.1302,1
RACE,0.032,0.2234,0.4079,1
RAL,0.1096,0.0827,0.1129,1
RAMP,0.092,0.3441,0.2918,1
RARE,-0.0216,-1.3603,,0
RBA,0.1137,0.1098,0.0888,1
RBC,0.1835,0.177,0.1091,1
RBLX,0.3932,-0.1706,-2.2778,1
RBRK,0.3899,-0.1081,,1
RCI,0.1017,0.0799,0.0975,1
RCL,0.1133,0.2114,0.3837,1
RCUS,-0.3929,-7.5294,-0.9771,0
RDDT,0.6908,0.3075,0.2566,1
RDN,0.5817,0.2661,0.1032,1
RDNT,0.2211,-0.0581,-0.1239,1
RDW,0.5795,-0.7889,-0.2628,0
RDY,-0.1164,0.0294,0.0234,1
REG,0.0828,0.3117,0.0746,1
REGN,0.1904,0.2017,0.0926,1
RELX,,,,0
RELY,0.2521,0.1083,0.2162,1
REXR,-0.0286,0.3721,0.0442,1
REYN,0.0721,0.0673,0.1042,1
REZI,0.0802,0.0199,0.052,0
RF,0.0499,0.2985,0.1191,1
RGA,0.2244,0.051,0.0993,1
RGC,,,,0
RGEN,0.1483,0.0429,0.0158,1
RGLD,1.4252,0.5993,0.1517,1
RGTI,1.9891,7.5248,0.2269,0
RH,-0.0167,-0.0171,-0.9624,1
RHI,-0.0383,0.0106,0.0448,0
RHP,0.1316,0.106,0.3847,1
RIG,0.1932,0.0657,0.0347,1
RIO,,,,0
RIOT,0.0361,-2.9929,-0.836,0
RITM,0.809,0.1151,0.0477,1
RIVN,0.1137,-0.3012,-0.3779,0
RJF,0.1335,0.1433,0.1732,1
RKLB,0.6346,-0.2247,-0.0795,0
RKT,1.6129,0.1146,0.0511,1
RL,0.1658,0.0766,0.2134,1
RLAY,-0.6093,-24.4303,-0.4565,0
RLI,0.0398,0.1295,0.1222,1
RLX,1.0745,0.1933,0.0716,0
RMBS,0.0812,0.3322,0.1719,1
RMD,0.1081,0.2786,0.2457,1
RNG,0.0525,0.0475,,1
RNR,-0.3702,0.1349,0.1019,1
RNST,0.6052,0.3222,0.0913,1
RNW,,,,0
ROAD,0.3456,0.0119,0.0375,1
ROG,0.0525,0.0224,0.0151,1
ROIV,-0.6671,120.2357,0.2677,0
ROK,0.1189,0.1568,0.3986,1
ROKU,0.2236,0.0686,0.1283,1
ROL,0.102,0.119,0.3122,1
ROP,0.1129,0.2429,0.1082,1
ROST,0.2057,0.1081,0.4123,1
RPM,0.089,0.0319,0.0653,1
RPRX,0.1097,0.4673,0.1711,1
RRC,0.2613,0.32,0.2969,1
RRR,0.019,0.0845,1.2021,1
RRX,0.043,0.0435,0.0378,0
RS,0.1553,0.0658,0.1488,1
RSG,0.0259,0.1276,0.1753,1
RSI,0.4114,0.0245,0.228,1
RTO,,,,0
RTX,0.0872,0.0933,0.1243,1
RUM,0.0739,-1.1889,-0.4844,0
RUN,0.4322,0.2321,0.2007,0
RUSHA,-0.09,0.0365,0.1083,0
RUSHB,-0.09,0.0365,0.1083,0
RVMD,,,-1.2102,0
RVT,,,,0
RVTY,0.0697,0.0573,0.0227,1
RXO,-0.0056,-0.0253,-0.0954,0
RY,0.1132,0.316,0.1565,1
RYAN,0.1522,0.0222,0.1109,0
RYN,2.3379,-0.0449,-0.0093,1
RYTM,0.8381,-0.9256,-0.9366,0
S,0.208,-0.2753,-0.2118,1
SA,,,-0.0221,0
SAH,0.0102,0.0165,0.2478,0
SAIA,0.0237,0.0619,0.076,1
SAIC,0.0155,0.0603,0.3233,1
SAIL,0.2155,-0.2666,-0.0437,1
SAN,0.0295,0.3532,0.2058,0
SANM,1.0227,0.0233,0.1548,1
SAP,0.0601,0.2022,0.1723,1
SARO,0.1332,0.0491,0.1189,0
SATS,-0.0523,-0.0401,-0.1043,1
SBAC,0.059,0.2628,,1
SBCF,0.1646,0.1947,0.0417,1
SBLK,0.219,0.2082,0.0963,1
SBRA,0.2082,0.1843,0.0587,1
SBS,0.1826,0.1755,0.1601,0
SBSW,,,,0
SBUX,0.0879,0.0536,,1
SCCO,0.3618,0.3709,0.5351,1
SCHW,0.1577,0.3824,0.2014,1
SCI,0.0207,0.1239,0.3429,1
SDRL,0.0687,-0.0196,-0.0098,0
SE,0.4661,0.0603,0.1332,1
SEB,0.0363,0.0496,0.0892,0
SEDG,0.4147,-0.1848,-0.5587,1
SEI,0.5534,0.1092,0.1098,0
SEIC,0.1285,0.2804,0.2848,1
SEM,0.0505,0.031,0.1002,0
SEZL,0.2919,0.3785,1.0432,1
SF,0.1812,0.1718,0.168,0
SFBS,0.206,0.5219,0.1736,1
SFD,0.0077,0.0647,0.1434,0
SFM,0.0415,0.0703,0.4566,1
SFNC,0.1535,0.2877,0.0798,1
SGHC,0.1838,0.1422,0.4774,1
SGI,0.1226,0.0578,0.1324,1
SHAK,0.1428,-0.0008,-0.0022,0
SHC,0.1003,0.0949,0.1709,0
SHEL,0.0066,0.0817,0.1312,1
SHG,0.0802,0.3465,0.1099,1
SHO,0.1096,0.0715,0.039,1
SHOO,0.1799,0.11,0.3146,0
SHOP,0.3432,-0.1833,-0.1859,1
SHW,0.0681,0.0944,0.4827,1
SIG,0.0078,0.0204,0.0668,0
SIGI,0.0574,0.0719,0.1089,1
SII,2.4041,0.2059,0.3075,1
SIM,0.032,0.2124,0.1104,0
SIMO,1.0548,0.1953,0.2949,0
SIRI,0.0111,0.1172,0.0835,1
SITE,0.0007,-0.0283,-0.0656,0
SITM,0.8829,-0.0459,-0.018,1
SJM,0.058,0.1711,0.28,1
SKE,,,-2.3171,0
SKM,-0.0138,0.0734,0.0971,1
SKT,0.1112,0.1879,0.1686,1
SKWD,0.4437,0.1042,0.1624,1
SKY,0.0462,0.0478,0.0755,1
SKYW,0.0682,0.1004,0.1489,1
SLAB,0.2014,-0.0745,-0.0579,0
SLB,0.0272,0.0862,0.1149,1
SLF,-0.2272,0.0612,0.0832,1
SLG,0.0651,-0.329,-0.0887,0
SLGN,0.0645,0.0404,0.1087,0
SLM,-0.0362,0.5499,0.5053,0
SM,0.7583,-0.2268,-0.1951,1
SMCI,1.2268,0.0472,0.2552,0
SMFG,0.2541,0.12,0.0477,0
SMG,0.0502,0.1635,,1
SMMT,,,-1.3879,0
SMR,-0.9578,-77.9027,-0.1509,0
SMTC,0.1592,0.0913,0.1853,1
SN,0.1555,0.086,0.1758,0
SNA,0.0524,0.1888,0.1658,1
SNAP,0.1215,-0.0582,-0.1707,1
SNDK,2.5103,0.6076,1.0496,1
SNDR,-0.0024,0.0146,0.027,1
SNEX,0.2404,0.0038,0.2583,1
SNN,,,,0
SNOW,0.3348,-0.2125,-0.6095,1
SNPS,0.4187,0.0075,0.0022,1
SNX,,,,0
SNY,0.0602,0.1435,0.0887,1
SO,0.08,0.1615,0.1461,0
SOBO,-0.0141,0.1568,0.1157,1
SOFI,0.4258,0.1515,0.0617,0
SOLS,0.1059,0.0857,0.2288,1
SOLV,-0.0309,0.0065,0.0105,0
SON,-0.0192,0.0403,0.0758,0
SONY,0.1544,0.0273,0.0408,1
SOUN,0.5172,-0.5663,-0.2173,0
SPCX,,-0.911,-0.4113,0
SPG,0.1929,0.2734,0.3955,1
SPGI,0.1043,0.3345,0.179,1
SPHR,0.3772,0.0115,0.0079,1
SPNT,0.06,0.1322,0.1776,1
SPOT,0.0819,0.1591,0.36,1
SPSC,0.0582,0.1027,0.082,1
SPXC,0.1745,0.1057,0.1048,1
SPXX,,,,0
SQM,0.6979,0.2072,0.2493,0
SR,0.0447,0.2767,0.3303,1
SRAD,0.1134,-0.0181,-0.028,1
SRE,-0.0387,0.2837,0.1286,0
SRRK,,,-1.5291,0
SSB,0.0493,0.3413,0.1,1
SSD,0.0911,0.15,0.1709,1
SSL,,,,0
SSNC,0.088,0.1373,0.1322,1
SSRM,0.8375,-0.183,-0.1173,1
ST,0.0258,0.0932,0.122,1
STAG,0.0906,0.2765,0.0692,1
STC,0.2767,0.0217,0.0414,0
STE,0.0729,0.1386,0.1226,1
STEP,0.5582,-0.0132,,0
STLA,,0.0102,0.0258,0
STLD,0.1913,0.0775,0.1761,1
STM,0.2296,0.012,0.0083,0
STN,0.0749,0.0536,0.1313,0
STNE,0.0646,0.4769,0.5576,1
STNG,0.4621,0.6912,0.2537,1
STRL,0.9159,0.1162,0.3227,1
STT,0.1559,0.2013,0.1102,0
STUB,0.1218,0.1077,0.1229,1
STVN,0.0662,0.1025,0.0732,1
STWD,-0.042,0.2955,0.0311,0
STX,0.4407,0.2404,2.7324,1
STZ,-0.1127,0.1051,0.0999,1
SU,0.1569,0.1362,0.1835,1
SUI,0.0745,-0.012,-0.0036,1
SUN,1.0641,0.0367,,1
SUNB,0.0888,0.0821,0.122,1
SUNC,,0.0103,0.17,1
SUPN,0.3863,-0.011,-0.0085,1
SUZ,-0.0506,0.3925,0.3585,0
SVM,0.9618,-0.0049,-0.0031,0
SW,0.0073,0.0084,0.0144,0
SWK,0.0272,0.0155,0.0266,0
SWKS,-0.01,0.0377,0.0247,0
SWX,-0.2161,0.2365,0.1349,0
SXI,0.0809,0.2982,0.3552,1
SXT,0.1109,0.1013,0.145,0
SYBT,0.0969,0.3637,0.1327,1
SYF,-0.0054,0.2177,0.1954,1
SYK,0.0263,0.1238,0.1297,1
SYM,0.2307,0.0029,0.0115,1
SYNA,0.1035,-0.0272,-0.0236,1
SYRE,,,-0.4115,0
SYY,0.047,0.0166,0.5921,1
T,0.0287,0.1215,0.1397,1
TAC,-0.2546,0.023,0.037,1
TAK,0.0391,-0.3366,-0.1984,1
TAL,0.3149,0.3051,0.2594,0
TALO,-0.0794,-0.5424,-0.5466,1
TAP,0.0204,0.0644,0.0602,0
TARS,1.0687,-0.043,-0.0799,0
TBBB,0.3344,-0.0244,-0.5207,1
TBBK,-0.0801,0.3723,0.3448,1
TCBI,0.1551,0.2278,0.0818,1
TCOM,,,,0
TD,0.0597,0.2674,0.1368,1
TDC,0.0622,0.7545,2.4057,1
TDG,0.1833,0.2103,,1
TDS,0.0655,0.4673,0.1175,0
TDW,-0.0217,0.0188,0.0179,1
TDY,0.076,0.1454,0.0848,1
TE,2.3235,-0.1149,-0.2641,0
TEAM,0.3171,-0.0551,-0.4477,1
TECH,-0.0151,0.1639,0.0979,1
TECK,0.7218,0.2077,0.1247,1
TEL,0.1451,0.1802,0.2584,1
TEM,0.3612,-0.3617,-1.2096,0
TENB,0.0958,0.0054,0.0228,1
TEO,0.3054,0.27,0.3146,1
TER,0.8704,0.311,0.5075,1
TEVA,0.0231,0.0927,0.1794,0
TEX,0.4109,-0.0513,-0.0738,0
TFC,0.0516,0.2875,0.0923,1
TFII,-0.0078,0.0222,0.0651,1
TFPM,0.7873,0.7955,0.2176,1
TFSL,0.0774,0.2727,0.0484,1
TFX,0.3235,-0.0149,-0.0106,1
TGB,0.7039,0.071,0.0824,1
TGLS,0.1202,0.1281,0.1735,0
TGS,0.1351,0.3311,0.1786,1
TGT,0.067,0.0307,0.1905,0
TGTX,0.6956,0.0965,0.1357,0
TH,0.0413,-0.1775,-0.1371,0
THC,0.1068,0.1214,0.5833,1
THG,0.0593,0.1105,0.2093,1
THO,-0.0391,0.035,0.0901,1
TIGO,0.451,0.0549,0.139,1
TIMB,0.0645,0.1201,0.1338,1
TJX,0.0924,0.093,0.5122,1
TKC,0.3129,0.0678,0.0637,0
TKO,0.2586,0.056,0.1059,1
TKR,0.0798,0.0798,0.1225,1
TLK,0.015,0.1168,0.1292,1
TLN,0.9667,0.0508,0.2349,1
TLX,,,,0
TM,0.0189,0.0649,0.0819,1
TMC,,,,0
TMDX,0.2118,0.0421,0.0592,0
TME,0.0733,0.2649,0.1125,1
TMHC,-0.2684,0.0711,0.0632,0
TMO,0.0618,0.15,0.1272,1
TMUS,0.1063,0.1084,0.1792,1
TNGX,,,-0.465,0
TNK,0.2351,0.5367,0.2805,1
TNL,0.0289,0.0822,,1
TOL,-0.0759,0.103,0.123,1
TOST,0.2191,0.0773,0.2533,1
TOWN,0.346,0.1663,0.0567,1
TPC,0.1146,0.0185,0.0847,1
TPG,-0.2474,-0.0027,-0.0051,1
TPL,0.2084,0.6034,0.3674,1
TPR,0.212,0.179,2.0152,1
TR,0.0208,0.1165,0.0744,1
TREX,0.01,0.1788,0.2467,0
TRGP,-0.1023,0.1171,0.6116,0
TRI,0.0984,0.2199,0.1554,1
TRMB,0.1181,0.1052,0.0702,1
TRMD,0.2215,0.3045,0.2154,0
TRMK,0.037,0.3226,0.1054,1
TRN,-0.1595,0.0492,0.0897,0
TRNO,0.127,0.558,0.0647,1
TROLB,0.0208,0.1165,0.0744,1
TROW,0.0528,0.2683,0.1849,1
TRP,0.0657,0.2401,0.1347,1
TRU,0.1369,0.3188,0.3341,1
TRV,0.0097,0.1435,0.214,1
TRVG,0.1514,-0.051,-0.1398,0
TRVI,,,-0.3066,0
TS,0.061,0.1744,0.1265,1
TSCO,0.0361,0.0458,0.2618,0
TSEM,0.1548,0.1572,0.087,1
TSLA,0.1578,0.0213,0.0227,1
TSM,0.3513,0.5048,0.3887,1
TSN,0.0443,0.019,0.0575,0
TT,0.0599,0.1176,0.2721,1
TTAM,0.0152,0.0829,0.1244,1
TTAN,0.2463,-0.0849,-0.0585,0
TTC,0.081,0.1021,0.4251,1
TTD,0.1182,0.0581,0.0652,1
TTE,0.0338,0.1173,0.1897,0
TTEK,-0.0771,0.0767,0.201,1
TTMI,0.3042,0.0591,0.1088,0
TTWO,0.0615,-0.0354,-0.0678,1
TU,-0.0058,0.0273,0.035,0
TVTX,0.5563,-0.2917,-1.5032,0
TW,0.2121,0.3323,0.124,1
TWLO,0.2,0.0641,0.0463,1
TWST,0.1931,-0.3976,-0.3869,0
TX,0.0003,0.0541,0.0699,0
TXG,-0.0261,-0.0893,-0.0662,1
TXN,0.1858,0.3202,0.3683,1
TXNM,0.046,0.0077,0.0045,0
TXRH,0.1282,0.0756,0.3255,1
TXT,0.1177,0.0595,0.11,0
TYL,0.0855,0.1323,0.0913,1
U,0.1684,-0.684,-0.4672,1
UA,-0.008,-0.037,-0.1227,0
UAA,-0.008,-0.037,-0.1227,0
UAL,0.1057,0.0479,0.1761,1
UBER,0.1448,0.0199,0.0425,1
UBS,0.1492,0.2208,0.1318,0
UBSI,0.0932,0.3931,0.0905,1
UCB,0.113,0.3118,0.0923,1
UCTT,0.0291,-0.0335,-0.114,0
UDR,0.0092,0.4458,0.2311,1
UE,0.1224,0.1707,0.0704,1
UEC,,,-0.1473,0
UFPI,-0.0841,0.0347,0.0659,0
UGI,0.0071,0.1937,0.3838,1
UGP,0.1027,0.0238,0.2126,1
UHAL,0.0311,-0.1005,-0.0672,0
UHS,0.0965,0.0776,0.1868,1
UI,0.1867,0.2968,0.7783,1
UL,,,,0
ULS,0.0752,0.1214,0.279,1
ULTA,0.1108,0.1076,0.5277,1
UMBF,0.3431,0.3815,0.1336,1
UMC,0.0549,0.2649,0.1591,1
UNF,0.0337,0.0329,0.0375,1
UNFI,-0.0417,0.0043,0.0826,1
UNH,0.0196,0.0562,0.2566,1
UNIT,2.36,-0.0712,-0.8796,0
UNM,0.0825,0.0696,0.0852,1
UNP,0.0315,0.2736,0.3504,1
UPS,-0.016,0.0408,0.2192,1
UPST,0.4445,-0.0216,-0.0363,0
URBN,0.1142,0.0781,0.1773,0
URI,0.0715,0.1332,0.2368,1
USAC,0.3509,0.1157,,1
USAR,,-11.7566,-0.1427,0
USB,0.0479,0.2679,0.1183,1
USFD,0.0277,0.0121,0.1071,1
USLM,-0.0375,0.3482,0.185,1
UTF,,,,0
UTG,,,,0
UTHR,-0.0162,0.3518,0.1863,1
UTI,0.0673,0.002,0.0051,0
UUUU,1.1208,-0.3026,-0.06,0
UWMC,11.2485,0.0502,0.4409,0
V,0.1705,0.5362,0.6754,1
VAC,0.0475,0.0175,0.0442,0
VAL,-0.2502,-0.0352,-0.0208,0
VALE,0.1403,0.2045,0.2066,1
VC,0.0214,0.0325,0.0797,0
VCEL,0.3009,-0.0921,-0.0708,1
VCTR,0.7668,0.289,0.1901,1
VCYT,0.2149,0.2064,0.0854,1
VECO,-0.0535,-0.002,-0.0015,1
VEEV,0.1632,0.2955,0.1429,1
VEON,0.1706,0.0824,0.2698,1
VERA,,,-0.9688,0
VFC,0.0104,-0.0551,-0.2579,0
VFS,0.4173,-1.2141,,0
VG,0.5891,0.1209,0.3075,0
VGNT,0.0395,0.0353,,0
VIAV,0.4284,0.0157,0.0302,0
VICI,0.0349,0.8565,0.1238,1
VICR,0.2022,0.1829,0.1096,0
VIK,0.1747,-0.0516,-0.2093,1
VIPS,0.0116,0.083,0.214,0
VIRT,0.3073,0.1664,0.4203,0
VISN,0.2157,11.6744,4.7953,0
VIST,0.9729,0.1245,0.1657,0
VIV,0.0741,0.0816,0.0726,1
VKTX,,,-1.2618,0
VLO,0.0702,0.039,0.2116,1
VLTO,0.0676,0.1786,0.3381,1
VLY,0.1295,0.3033,0.0838,1
VMC,0.0742,0.0943,0.0783,1
VMI,0.0618,0.105,0.2573,1
VNET,0.1981,-0.8284,-2.1072,0
VNO,-0.0054,-0.0159,-0.0049,1
VNOM,1.0857,0.1898,0.0759,1
VNT,0.0128,0.1256,0.2997,1
VOD,,,,0
VOYA,0.0289,0.0913,0.1563,0
VOYG,0.0214,-1.2479,-0.4925,0
VRNS,0.269,-0.2129,-0.3251,1
VRSK,0.0393,0.2993,,1
VRSN,0.0661,0.5001,,1
VRT,0.3013,0.1472,0.3676,1
VRTX,0.0782,0.3453,0.2131,1
VSAT,0.0211,0.0502,0.0505,1
VSEC,0.2677,0.0895,0.0436,0
VSECU,0.2677,0.0895,0.0436,0
VSH,0.1734,0.0085,0.0138,0
VSNT,,0.1695,0.1424,1
VST,0.434,0.1824,0.7354,1
VSXY,0.153,0.0308,0.243,0
VTMX,,,,0
VTR,0.2201,0.0337,0.017,1
VTRS,0.0807,0.0502,0.0481,1
VVV,0.2495,0.0889,0.5075,1
VVX,0.2345,0.0151,0.0686,0
VZ,0.0285,0.1465,0.1953,1
W,0.0736,-0.0358,,0
WAB,0.1303,0.1227,0.1304,1
WAFD,0.1006,0.3316,0.0879,1
WAL,0.3159,0.1817,0.0957,0
WAT,0.9139,-0.0568,-0.0188,0
WAY,0.224,0.1379,0.044,1
WBD,-0.0096,-0.3279,-0.358,0
WBI,1.0527,0.0175,0.0214,0
WBS,0.0441,0.3346,0.1029,1
WCC,0.1378,0.0253,0.1206,1
WCN,0.0639,0.0925,0.1089,1
WDAY,0.1348,0.0873,0.1329,1
WDC,0.4547,0.9604,1.3244,1
WDFC,0.1065,0.1257,0.3022,1
WDS,,,,0
WEC,0.0904,0.2343,0.2273,1
WELL,0.384,0.2204,0.0666,1
WERN,0.1355,-0.0053,-0.0126,1
WES,0.2251,0.3118,,1
WEX,0.0584,0.1153,0.2439,0
WF,0.0636,0.1791,0.0636,0
WFC,0.0644,0.2449,0.1178,1
WFG,-0.0857,-0.1409,-0.1334,0
WFRD,-0.0344,0.0938,0.2457,1
WH,0.0348,0.1865,0.5459,1
WHD,0.3854,0.0847,0.1106,1
WHR,-0.0961,-0.0251,-0.0867,0
WING,0.0738,0.1627,,1
WIT,0.077,0.1445,0.1582,1
WIX,0.1426,-0.1062,,1
WK,0.1989,0.0768,,1
WLK,-0.0682,-0.0637,-0.0791,0
WLY,0.0121,0.3022,0.6382,1
WLYB,0.0121,0.3022,0.6382,1
WM,0.0347,0.1161,0.2886,1
WMB,-0.0059,0.2855,0.2663,1
WMG,0.1671,0.1057,0.9919,0
WMS,0.0991,0.0486,0.0681,0
WMT,0.0733,0.03,0.226,0
WOLF,-0.1679,-0.7983,-0.4694,0
WOR,,,,0
WPC,0.1089,0.3879,0.0845,1
WPM,0.9163,0.6457,0.2519,1
WPP,,,,0
WRB,0.0508,0.139,0.2116,1
WRBY,0.0834,0.0131,0.0338,1
WRD,0.5757,-3.4088,-0.2179,0
WS,,,,0
WSBC,0.3312,0.3466,0.0871,1
WSC,-0.0195,0.0513,0.1292,1
WSE,,,,0
WSFS,0.0747,0.3154,0.1275,1
WSM,0.0435,0.1281,0.4949,1
WSO,0.0013,0.0516,0.1145,0
WST,0.2105,0.1643,0.1857,1
WT,0.4755,-0.145,-0.1948,1
WTFC,0.1089,0.3188,0.1233,1
WTM,-0.1038,-0.0525,-0.0202,1
WTRG,0.0997,0.2604,0.1302,0
WTS,0.2138,0.1471,0.19,1
WTTR,-0.0225,0.0235,0.0347,0
WTW,0.085,0.1231,0.1489,0
WU,-0.0009,0.0658,0.2842,1
WULF,-0.0114,-12.573,,0
WWD,0.2342,0.1229,0.2123,1
WY,-0.0204,0.0903,0.0661,0
WYNN,0.092,0.0649,,0
XE,,-4.1652,,0
XEL,0.0294,0.1383,0.0934,0
XENE,,,-0.3059,0
XIFR,-0.0248,0.12,,0
XMTR,0.3588,-0.0257,-0.0747,1
XNDU,2.9831,-7.2754,-0.3146,0
XOM,0.0259,0.0503,0.0658,1
XP,0.1722,0.6818,,0
XPEV,-0.1756,-0.1369,-0.2508,0
XPO,0.0727,0.0482,0.2184,1
XRAY,0.0011,-0.0114,-0.0303,0
XXI,,,-1.33,0
XYL,0.0271,0.0908,0.0704,1
XYZ,0.0494,-0.051,-0.0569,1
YETI,0.0834,0.0259,0.0597,0
YMM,0.055,0.3479,0.0993,1
YOU,0.197,0.1533,0.8372,1
YPF,0.0746,0.0817,0.1422,1
YSS,0.5187,-0.9871,-0.2667,0
YUM,0.1522,0.2098,,1
YUMC,0.0973,0.0945,0.2275,1
Z,0.1839,0.065,0.0417,1
ZBH,0.093,0.1141,0.0752,1
ZBRA,0.143,0.0903,0.1556,1
ZETA,0.4988,-0.0334,-0.0602,1
ZG,0.1839,0.065,0.0417,1
ZGN,,,,0
ZIM,-0.304,-0.0616,-0.09,1
ZION,0.0679,0.2744,0.1277,1
ZLAB,-0.0646,-0.5122,-0.3083,0
ZM,0.0547,0.3436,0.1708,1
ZS,0.2543,-0.0163,-0.0235,1
ZTO,0.2195,0.1595,0.1364,1
ZTS,0.0291,0.2657,0.7436,1
ZWS,0.1137,0.136,0.1466,1
