ticker,shares,asof
A,282431944.0,2026-08-16
AA,263909445.0,2026-08-16
AAL,661969951.0,2026-08-16
AAMI,35490128.0,2026-08-16
AAOI,84569237.0,2026-08-16
AAON,82453639.0,2026-08-16
AAP,60329208.0,2026-08-16
AAPG,93337216.0,2026-08-16
AAPL,14594180000.0,2026-08-16
AAT,61404213.0,2026-08-16
AAUC,139347893.0,2026-08-16
AB,93175219.0,2026-08-16
ABBV,1767117285.0,2026-08-16
ABCB,67107239.0,2026-08-16
ABCL,306611466.0,2026-08-16
ABEV,15419998554.0,2026-08-16
ABG,17951917.0,2026-08-16
ABM,58580923.0,2026-08-16
ABNB,598785682.0,2026-08-16
ABSI,171614010.0,2026-08-16
ABT,1730383296.0,2026-08-16
ABVX,87160669.0,2026-08-16
ACA,49106809.0,2026-08-16
ACAD,172305518.0,2026-08-16
ACDC,182122762.0,2026-08-16
ACEL,81193475.0,2026-08-16
ACGL,341229126.0,2026-08-16
ACHC,93100275.0,2026-08-16
ACI,485325683.0,2026-08-16
ACLS,30881489.0,2026-08-16
ACM,128696425.0,2026-08-16
ACN,611942109.0,2026-08-16
ACT,137483671.0,2026-08-16
ACVA,169807980.0,2026-08-16
AD,86478954.0,2026-08-16
ADBE,397500000.0,2026-08-16
ADC,124379310.0,2026-08-16
ADEA,110280150.0,2026-08-16
ADI,487087040.0,2026-08-16
ADM,481959583.0,2026-08-16
ADMA,223984680.0,2026-08-16
ADNT,77096932.0,2026-08-16
ADP,397262737.0,2026-08-16
ADPT,159059622.0,2026-08-16
ADSK,211145251.0,2026-08-16
ADT,730559248.0,2026-08-16
ADTN,81481407.0,2026-08-16
ADUS,18674300.0,2026-08-16
ADX,124927128.0,2026-08-16
AEE,276843251.0,2026-08-16
AEG,1478615900.0,2026-08-16
AEIS,40050442.0,2026-08-16
AEM,506364864.0,2026-08-16
AEO,167573333.0,2026-08-16
AEP,544397352.0,2026-08-16
AER,157184065.0,2026-08-16
AERO,145903409.0,2026-08-16
AES,713438630.0,2026-08-16
AESI,124905584.0,2026-08-16
AEVA,69705758.0,2026-08-16
AFG,82921466.0,2026-08-16
AFL,501343298.0,2026-08-16
AFRM,334898565.0,2026-08-16
AFYA,91452623.0,2026-08-16
AG,492906383.0,2026-08-16
AGBK,159930070.0,2026-08-16
AGCO,70031729.0,2026-08-16
AGI,418604465.0,2026-08-16
AGIO,59701882.0,2026-08-16
AGL,16791210.0,2026-08-16
AGM,10853210.0,2026-08-16
AGNC,1185481447.0,2026-08-16
AGO,43979208.0,2026-08-16
AGRO,144308466.0,2026-08-16
AGX,14019247.0,2026-08-16
AGYS,28205788.0,2026-08-16
AHCO,133409161.0,2026-08-16
AHG,856704177.0,2026-08-16
AHR,206722308.0,2026-08-16
AI,155449277.0,2026-08-16
AIAI,70313990.0,2026-08-16
AIG,522893169.0,2026-08-16
AIN,28371147.0,2026-08-16
AIP,49152102.0,2026-08-16
AIR,40258840.0,2026-08-16
AIT,36698856.0,2026-08-16
AIZ,49323767.0,2026-08-16
AJG,256341000.0,2026-08-16
AKAM,143716609.0,2026-08-16
AKR,137332722.0,2026-08-16
AKTS,55619499.0,2026-08-16
ALAB,173485104.0,2026-08-16
ALB,118005057.0,2026-08-16
ALC,483400000.0,2026-08-16
ALG,12170965.0,2026-08-16
ALGM,186402046.0,2026-08-16
ALGN,71039852.0,2026-08-16
ALGT,27337755.0,2026-08-16
ALH,198769096.0,2026-08-16
ALHC,207435149.0,2026-08-16
ALK,111603120.0,2026-08-16
ALKS,167763272.0,2026-08-16
ALKT,106941980.0,2026-08-16
ALL,252857950.0,2026-08-16
ALL/PH,1505162644.0,2026-08-16
ALLE,85036786.0,2026-08-16
ALLY,304199693.0,2026-08-16
ALM,288480750.0,2026-08-16
ALMS,129435239.0,2026-08-16
ALNT,16996512.0,2026-08-16
ALNY,133809118.0,2026-08-16
ALOY,68987642.0,2026-08-16
ALRM,49090228.0,2026-08-16
ALSN,82578038.0,2026-08-16
ALTB,996100000.0,2026-08-16
ALV,73237217.0,2026-08-16
ALVO,338219831.0,2026-08-16
ALX,5107290.0,2026-08-16
AM,474674000.0,2026-08-16
AMAL,29900147.0,2026-08-16
AMAT,793959430.0,2026-08-16
AMBA,43868185.0,2026-08-16
AMBP,597706314.0,2026-08-16
AMBQ,24184536.0,2026-08-16
AMC,892604638.0,2026-08-16
AMD,1632475042.0,2026-08-16
AME,229261244.0,2026-08-16
AMG,26412085.0,2026-08-16
AMGN,541000000.0,2026-08-16
AMH,359815019.0,2026-08-16
AMLX,111423048.0,2026-08-16
AMN,38729991.0,2026-08-16
AMP,88333219.0,2026-08-16
AMPX,146080618.0,2026-08-16
AMR,12679045.0,2026-08-16
AMRC,53066211.0,2026-08-16
AMRX,348296027.0,2026-08-16
AMRZ,546925644.0,2026-08-16
AMSC,48442143.0,2026-08-16
AMT,465960048.0,2026-08-16
AMTD,94910009.0,2026-08-16
AMTM,244319846.0,2026-08-16
AMX,2999650000.0,2026-08-16
AMZN,10786313572.0,2026-08-16
AN,33060806.0,2026-08-16
ANAB,29608481.0,2026-08-16
ANDE,33975570.0,2026-08-16
ANDG,112485744.0,2026-08-16
ANET,1261224648.0,2026-08-16
ANF,44431710.0,2026-08-16
ANIP,22970352.0,2026-08-16
AOD,105446496.0,2026-08-16
AON,212125434.0,2026-08-16
AOS,135908573.0,2026-08-16
AOSL,29929578.0,2026-08-16
APA,350351510.0,2026-08-16
APAM,70996433.0,2026-08-16
APD,222685530.0,2026-08-16
APG,432160297.0,2026-08-16
APGE,75687735.0,2026-08-16
APH,1232983457.0,2026-08-16
APLD,287883603.0,2026-08-16
APLE,236082698.0,2026-08-16
APO,590543159.0,2026-08-16
APP,335939521.0,2026-08-16
APPF,35416992.0,2026-08-16
APPN,71627597.0,2026-08-16
APPS,121016250.0,2026-08-16
APTV,207633331.0,2026-08-16
AQN,769901895.0,2026-08-16
AR,307439000.0,2026-08-16
ARCB,22351354.0,2026-08-16
ARCC,718022845.0,2026-08-16
ARCO,210663057.0,2026-08-16
ARDT,141045907.0,2026-08-16
ARDX,258187572.0,2026-08-16
ARE,172095277.0,2026-08-16
ARES,225518332.0,2026-08-16
ARGX,62187771.0,2026-08-16
ARI,128212093.0,2026-08-16
ARIS,206430693.0,2026-08-16
ARLO,107613304.0,2026-08-16
ARLP,128658801.0,2026-08-16
ARM,1067998569.0,2026-08-16
ARMK,262953564.0,2026-08-16
AROC,175338185.0,2026-08-16
ARQT,125691961.0,2026-08-16
ARR,141553046.0,2026-08-16
ARRY,153826378.0,2026-08-16
ARW,50905423.0,2026-08-16
ARX,218201340.0,2026-08-16
ARXS,417474370.0,2026-08-16
AS,581822024.0,2026-08-16
ASA,18787956.0,2026-08-16
ASAN,230509827.0,2026-08-16
ASB,188849659.0,2026-08-16
ASH,45793370.0,2026-08-16
ASIC,47926928.0,2026-08-16
ASM,174762984.0,2026-08-16
ASML,384100000.0,2026-08-16
ASND,65592830.0,2026-08-16
ASO,62018371.0,2026-08-16
ASR,30032069.0,2026-08-16
ASST,85441903.0,2026-08-16
ASTE,22992630.0,2026-08-16
ASTH,49604366.0,2026-08-16
ASTS,299789305.0,2026-08-16
ASX,2603665389.0,2026-08-16
ATAI,370864669.0,2026-08-16
ATAT,138185952.0,2026-08-16
ATEC,154451076.0,2026-08-16
ATEN,72609021.0,2026-08-16
ATEX,19498473.0,2026-08-16
ATHM,115170911.0,2026-08-16
ATI,136170383.0,2026-08-16
ATLC,15170038.0,2026-08-16
ATO,168988553.0,2026-08-16
ATR,63581129.0,2026-08-16
ATRC,50866294.0,2026-08-16
ATRO,49348408.0,2026-08-16
ATROB,49348408.0,2026-08-16
ATS,98126894.0,2026-08-16
AU,505769256.0,2026-08-16
AUB,142814896.0,2026-08-16
AUGO,83836843.0,2026-08-16
AUPH,133051168.0,2026-08-16
AUR,1961203089.0,2026-08-16
AVA,83752830.0,2026-08-16
AVAH,217755203.0,2026-08-16
AVAL,1187173788.0,2026-08-16
AVAV,50608030.0,2026-08-16
AVB,142797963.0,2026-08-16
AVBP,49307729.0,2026-08-16
AVEX,56470333.0,2026-08-16
AVGO,4757580198.0,2026-08-16
AVLN,44333095.0,2026-08-16
AVNT,91719550.0,2026-08-16
AVO,88319807.0,2026-08-16
AVPT,211565426.0,2026-08-16
AVT,82072979.0,2026-08-16
AVY,75788142.0,2026-08-16
AWI,42262826.0,2026-08-16
AWK,198728989.0,2026-08-16
AWR,39635626.0,2026-08-16
AX,56734049.0,2026-08-16
AXGN,53761513.0,2026-08-16
AXIA/PC,2278951778.0,2026-08-16
AXON,81237415.0,2026-08-16
AXP,675309833.0,2026-08-16
AXS,72966317.0,2026-08-16
AXSM,52380818.0,2026-08-16
AXTA,214019997.0,2026-08-16
AXTI,65573212.0,2026-08-16
AYA,144036168.0,2026-08-16
AYI,29935547.0,2026-08-16
AZN,1550885842.0,2026-08-16
AZO,16325355.0,2026-08-16
AZTA,43808393.0,2026-08-16
AZUL,184278962.0,2026-08-16
AZZ,30051501.0,2026-08-16
B,1645884419.0,2026-08-16
BA,790370020.0,2026-08-16
BABA,2396873615.0,2026-08-16
BAC,6992748365.0,2026-08-16
BAH,120284973.0,2026-08-16
BAK,398484206.0,2026-08-16
BALL,264703357.0,2026-08-16
BAM,1597251633.0,2026-08-16
BANC,158432520.0,2026-08-16
BAND,32180788.0,2026-08-16
BANF,33598745.0,2026-08-16
BAP,79448317.0,2026-08-16
BATRA,64167897.0,2026-08-16
BATRB,64167897.0,2026-08-16
BATRK,64167897.0,2026-08-16
BAX,516995999.0,2026-08-16
BB,586100431.0,2026-08-16
BBAI,479494493.0,2026-08-16
BBD,10891674257.0,2026-08-16
BBDO,10891674257.0,2026-08-16
BBIO,195487474.0,2026-08-16
BBT,83816086.0,2026-08-16
BBUC,205442014.0,2026-08-16
BBVA,5518305297.0,2026-08-16
BBWI,201561812.0,2026-08-16
BBY,210767126.0,2026-08-16
BC,64797428.0,2026-08-16
BCAX,65703866.0,2026-08-16
BCC,34891351.0,2026-08-16
BCE,932525817.0,2026-08-16
BCH,505085406.0,2026-08-16
BCO,41181028.0,2026-08-16
BCPC,31878021.0,2026-08-16
BCRX,255535105.0,2026-08-16
BCS,3366449373.0,2026-08-16
BDC,39078191.0,2026-08-16
BDJ,176944689.0,2026-08-16
BDX,272386800.0,2026-08-16
BE,294527346.0,2026-08-16
BEAM,103287665.0,2026-08-16
BEKE,1103675081.0,2026-08-16
BELFA,14439450.0,2026-08-16
BELFB,14439450.0,2026-08-16
BEN,508076910.0,2026-08-16
BEP,300111626.0,2026-08-16
BEPC,185599260.0,2026-08-16
BETA,233941060.0,2026-08-16
BFAM,52606675.0,2026-08-16
BFC,11085607.0,2026-08-16
BFH,40407065.0,2026-08-16
BFLY,266285183.0,2026-08-16
BG,192119123.0,2026-08-16
BGC,475466522.0,2026-08-16
BGSI,27830064.0,2026-08-16
BH,3139020.0,2026-08-16
BHC,373990561.0,2026-08-16
BHE,35919933.0,2026-08-16
BHF,57511563.0,2026-08-16
BHP,2540345092.0,2026-08-16
BHRB,20187033.0,2026-08-16
BHVN,151043781.0,2026-08-16
BIIB,147753998.0,2026-08-16
BILI,418505765.0,2026-08-16
BILL,99596727.0,2026-08-16
BIO,26738175.0,2026-08-16
BIP,460109085.0,2026-08-16
BIPC,123005386.0,2026-08-16
BIRK,177887817.0,2026-08-16
BJ,127693987.0,2026-08-16
BJRI,21273765.0,2026-08-16
BKD,238817252.0,2026-08-16
BKE,51518086.0,2026-08-16
BKH,76253141.0,2026-08-16
BKNG,751380500.0,2026-08-16
BKR,992674071.0,2026-08-16
BKSY,40924846.0,2026-08-16
BKU,71232249.0,2026-08-16
BKV,109437830.0,2026-08-16
BL,58125270.0,2026-08-16
BLBD,31646589.0,2026-08-16
BLCO,357165246.0,2026-08-16
BLDP,301506494.0,2026-08-16
BLFS,48906704.0,2026-08-16
BLK,154869259.0,2026-08-16
BLKB,45390097.0,2026-08-16
BLLN,47187038.0,2026-08-16
BLSH,151648346.0,2026-08-16
BLTE,40085091.0,2026-08-16
BLX,37230208.0,2026-08-16
BMA,63939030.0,2026-08-16
BMI,28986847.0,2026-08-16
BMO,700416619.0,2026-08-16
BMRN,193573759.0,2026-08-16
BMY,2042714656.0,2026-08-16
BN,2233595660.0,2026-08-16
BNL,204600604.0,2026-08-16
BNS,1219093484.0,2026-08-16
BNT,274374017.0,2026-08-16
BNTX,251204366.0,2026-08-16
BNY,678504142.0,2026-08-16
BOBS,130687076.0,2026-08-16
BOH,39450396.0,2026-08-16
BOKF,60766867.0,2026-08-16
BOOT,30284844.0,2026-08-16
BOX,138532634.0,2026-08-16
BP,2575342288.0,2026-08-16
BPOP,63778501.0,2026-08-16
BR,114021798.0,2026-08-16
BRAI,206088228.0,2026-08-16
BRC,47112790.0,2026-08-16
BRK-B,2140709794.0,2026-08-16
BRO,334610357.0,2026-08-16
BROS,174681716.0,2026-08-16
BRSL,182742355.0,2026-08-16
BRUN,61428674.0,2026-08-16
BRX,306872316.0,2026-08-16
BRZE,112631669.0,2026-08-16
BSAC,471115317.0,2026-08-16
BSM,212710571.0,2026-08-16
BST,34720019.0,2026-08-16
BSTZ,68744150.0,2026-08-16
BSX,1449229526.0,2026-08-16
BSY,302092889.0,2026-08-16
BTE,699200000.0,2026-08-16
BTG,1321070762.0,2026-08-16
BTI,2155586681.0,2026-08-16
BTSG,197864241.0,2026-08-16
BTT,63625411.0,2026-08-16
BTU,121900000.0,2026-08-16
BUD,1969117545.0,2026-08-16
BULL,531818665.0,2026-08-16
BURL,62942206.0,2026-08-16
BUSE,82576956.0,2026-08-16
BV,93200000.0,2026-08-16
BVN,253986867.0,2026-08-16
BW,148965066.0,2026-08-16
BWA,203666354.0,2026-08-16
BWIN,96838572.0,2026-08-16
BWLP,151814604.0,2026-08-16
BWXT,91621980.0,2026-08-16
BX,750625114.0,2026-08-16
BXDC,100600000.0,2026-08-16
BXMT,168543591.0,2026-08-16
BXP,159661556.0,2026-08-16
BXSL,232970063.0,2026-08-16
BY,45409259.0,2026-08-16
BYD,72655414.0,2026-08-16
BZ,446886825.0,2026-08-16
C,1677436783.0,2026-08-16
CAAP,258517299.0,2026-08-16
CACC,10380580.0,2026-08-16
CACI,22099539.0,2026-08-16
CAE,321579686.0,2026-08-16
CAG,480067621.0,2026-08-16
CAH,232575728.0,2026-08-16
CAI,282680695.0,2026-08-16
CAKE,49760634.0,2026-08-16
CALM,46917080.0,2026-08-16
CALX,62963989.0,2026-08-16
CALY,178510521.0,2026-08-16
CAMT,46668177.0,2026-08-16
CAR,35325754.0,2026-08-16
CARG,89073478.0,2026-08-16
CART,231500067.0,2026-08-16
CASH,20773362.0,2026-08-16
CASY,37004914.0,2026-08-16
CAT,459674889.0,2026-08-16
CATY,66713820.0,2026-08-16
CAVA,116806198.0,2026-08-16
CB,385799859.0,2026-08-16
CBC,239768162.0,2026-08-16
CBL,30942757.0,2026-08-16
CBOE,104431019.0,2026-08-16
CBRE,289575298.0,2026-08-16
CBRL,22351460.0,2026-08-16
CBRS,237564041.0,2026-08-16
CBSH,143432178.0,2026-08-16
CBT,51631007.0,2026-08-16
CBU,52615905.0,2026-08-16
CBZ,54263879.0,2026-08-16
CC,150377709.0,2026-08-16
CCB,15286327.0,2026-08-16
CCC,588994704.0,2026-08-16
CCEC,60289778.0,2026-08-16
CCEP,441893421.0,2026-08-16
CCI,425455439.0,2026-08-16
CCJ,435532979.0,2026-08-16
CCK,108760511.0,2026-08-16
CCL,1369649119.0,2026-08-16
CCO,509093845.0,2026-08-16
CCS,28432900.0,2026-08-16
CCU,185139328.0,2026-08-16
CDE,1027934998.0,2026-08-16
CDNA,51734223.0,2026-08-16
CDNL,20428610.0,2026-08-16
CDNS,275393000.0,2026-08-16
CDP,113410458.0,2026-08-16
CDRE,42820734.0,2026-08-16
CDW,125017426.0,2026-08-16
CE,109748926.0,2026-08-16
CECO,58569830.0,2026-08-16
CEF,184927470.0,2026-08-16
CEG,354307379.0,2026-08-16
CELC,48931908.0,2026-08-16
CELH,253035047.0,2026-08-16
CENT,62592598.0,2026-08-16
CENTA,62592598.0,2026-08-16
CENX,98993295.0,2026-08-16
CET,29549265.0,2026-08-16
CEVA,28154072.0,2026-08-16
CF,151338130.0,2026-08-16
CFFN,123369446.0,2026-08-16
CFG,421176788.0,2026-08-16
CFR,62148785.0,2026-08-16
CG,356332798.0,2026-08-16
CGEM,61458046.0,2026-08-16
CGNX,168223842.0,2026-08-16
CGON,88640375.0,2026-08-16
CHA,190763326.0,2026-08-16
CHCO,14045160.0,2026-08-16
CHD,237203907.0,2026-08-16
CHDN,69700243.0,2026-08-16
CHE,13069961.0,2026-08-16
CHEF,40796083.0,2026-08-16
CHH,45008622.0,2026-08-16
CHI,80706787.0,2026-08-16
CHKP,102100634.0,2026-08-16
CHRD,54697872.0,2026-08-16
CHRN,145214825.0,2026-08-16
CHT,775744655.0,2026-08-16
CHWY,409424207.0,2026-08-16
CHY,80330314.0,2026-08-16
CHYM,378585111.0,2026-08-16
CI,264240486.0,2026-08-16
CIB,236165492.0,2026-08-16
CIEN,141552922.0,2026-08-16
CIG,2860681883.0,2026-08-16
CIGI,51103821.0,2026-08-16
CII,40983552.0,2026-08-16
CIM,83711818.0,2026-08-16
CINF,153478045.0,2026-08-16
CL,797172829.0,2026-08-16
CLBK,104058235.0,2026-08-16
CLBT,250785933.0,2026-08-16
CLDX,78529532.0,2026-08-16
CLF,570540047.0,2026-08-16
CLH,52787248.0,2026-08-16
CLM,297921983.0,2026-08-16
CLMT,87898234.0,2026-08-16
CLOV,531156263.0,2026-08-16
CLS,126111117.0,2026-08-16
CLSK,256817073.0,2026-08-16
CLVT,639664003.0,2026-08-16
CLX,120931005.0,2026-08-16
CM,912800674.0,2026-08-16
CMBT,290169769.0,2026-08-16
CMC,110624335.0,2026-08-16
CMCSA,3548636573.0,2026-08-16
CME,359579263.0,2026-08-16
CMG,1267838000.0,2026-08-16
CMI,137664487.0,2026-08-16
CMP,41980874.0,2026-08-16
CMPS,138476822.0,2026-08-16
CMRE,120738359.0,2026-08-16
CMS,313577136.0,2026-08-16
CNA,270600928.0,2026-08-16
CNC,493995000.0,2026-08-16
CNH,1608158744.0,2026-08-16
CNI,604900000.0,2026-08-16
CNK,115911855.0,2026-08-16
CNL,92742707.0,2026-08-16
CNM,187192831.0,2026-08-16
CNO,92521371.0,2026-08-16
CNOB,50319832.0,2026-08-16
CNP,658720288.0,2026-08-16
CNQ,2061500000.0,2026-08-16
CNR,49636257.0,2026-08-16
CNS,51421533.0,2026-08-16
CNX,147943637.0,2026-08-16
CNXC,61018350.0,2026-08-16
CNXN,25238099.0,2026-08-16
COAG,44192910.0,2026-08-16
COCO,57864153.0,2026-08-16
COF,613484836.0,2026-08-16
COGT,173524982.0,2026-08-16
COIN,263836923.0,2026-08-16
COKE,66564294.0,2026-08-16
COLB,282902268.0,2026-08-16
COLD,285480551.0,2026-08-16
COLL,32433779.0,2026-08-16
COLM,51193194.0,2026-08-16
COMP,767644630.0,2026-08-16
CON,127517736.0,2026-08-16
COO,195030630.0,2026-08-16
COP,1218294007.0,2026-08-16
COR,190827165.0,2026-08-16
CORT,108098397.0,2026-08-16
CORZ,321340441.0,2026-08-16
COST,443478804.0,2026-08-16
COTY,880466438.0,2026-08-16
CP,879079224.0,2026-08-16
CPA,40799460.0,2026-08-16
CPAC,85621369.0,2026-08-16
CPAY,65659599.0,2026-08-16
CPB,298206243.0,2026-08-16
CPK,24106455.0,2026-08-16
CPNG,1797511702.0,2026-08-16
CPRI,114796106.0,2026-08-16
CPRT,925811482.0,2026-08-16
CPT,100539350.0,2026-08-16
CQP,484057704.0,2026-08-16
CR,57800356.0,2026-08-16
CRBG,445772522.0,2026-08-16
CRC,88819893.0,2026-08-16
CRCL,253875881.0,2026-08-16
CRDO,186477898.0,2026-08-16
CRGY,330403696.0,2026-08-16
CRH,665284511.0,2026-08-16
CRI,36711185.0,2026-08-16
CRK,293620548.0,2026-08-16
CRL,47738872.0,2026-08-16
CRM,819000000.0,2026-08-16
CRML,146888753.0,2026-08-16
CRNX,106095205.0,2026-08-16
CROX,47945075.0,2026-08-16
CRS,49685612.0,2026-08-16
CRSP,96692653.0,2026-08-16
CRUS,50117561.0,2026-08-16
CRVL,50516571.0,2026-08-16
CRVS,84120944.0,2026-08-16
CRWD,1018259280.0,2026-08-16
CRWV,551536602.0,2026-08-16
CSAN,986091616.0,2026-08-16
CSCO,3941434665.0,2026-08-16
CSGP,405197588.0,2026-08-16
CSIQ,67896749.0,2026-08-16
CSL,39714133.0,2026-08-16
CSQ,160369635.0,2026-08-16
CSTM,135527728.0,2026-08-16
CSW,16293487.0,2026-08-16
CSWC,63733867.0,2026-08-16
CSX,1852474917.0,2026-08-16
CTAS,400169561.0,2026-08-16
CTBI,18167954.0,2026-08-16
CTOS,227505535.0,2026-08-16
CTRE,236293199.0,2026-08-16
CTRI,100963053.0,2026-08-16
CTRYQ,46540731754.0,2026-08-16
CTS,28556195.0,2026-08-16
CTSH,450444209.0,2026-08-16
CTVA,667196000.0,2026-08-16
CUBE,225521694.0,2026-08-16
CUBI,33772598.0,2026-08-16
CURB,115038025.0,2026-08-16
CUZ,164602058.0,2026-08-16
CVBF,175997435.0,2026-08-16
CVCO,7689402.0,2026-08-16
CVE,1844245000.0,2026-08-16
CVI,100530599.0,2026-08-16
CVLG,25377778.0,2026-08-16
CVLT,41444564.0,2026-08-16
CVNA,1099525000.0,2026-08-16
CVS,1278970369.0,2026-08-16
CVSA,34038820.0,2026-08-16
CVX,1961603274.0,2026-08-16
CW,36934444.0,2026-08-16
CWEN,205274852.0,2026-08-16
CWK,234713708.0,2026-08-16
CWST,63640046.0,2026-08-16
CWT,61839101.0,2026-08-16
CX,1442952453.0,2026-08-16
CXM,234228762.0,2026-08-16
CXT,57561304.0,2026-08-16
CXW,98893489.0,2026-08-16
CYD,37518323.0,2026-08-16
CYTK,139023418.0,2026-08-16
CZR,203720372.0,2026-08-16
D,879525949.0,2026-08-16
DAC,18203567.0,2026-08-16
DAKT,48305826.0,2026-08-16
DAL,657623030.0,2026-08-16
DAN,107576679.0,2026-08-16
DAO,120634631.0,2026-08-16
DAR,157802916.0,2026-08-16
DASH,435718722.0,2026-08-16
DAVE,12755507.0,2026-08-16
DB,1879000000.0,2026-08-16
DBD,33946588.0,2026-08-16
DBRG,184880554.0,2026-08-16
DBX,217442619.0,2026-08-16
DCH,237604602.0,2026-08-16
DCI,115911056.0,2026-08-16
DCO,15099779.0,2026-08-16
DCOM,44156595.0,2026-08-16
DD,135042975.0,2026-08-16
DDOG,359075024.0,2026-08-16
DDS,15617051.0,2026-08-16
DE,269937425.0,2026-08-16
DEA,47321617.0,2026-08-16
DECK,136181857.0,2026-08-16
DEI,167485267.0,2026-08-16
DELL,646142428.0,2026-08-16
DEO,555899946.0,2026-08-16
DFH,90723879.0,2026-08-16
DFTX,134366950.0,2026-08-16
DG,220586647.0,2026-08-16
DGII,37948123.0,2026-08-16
DGX,110373360.0,2026-08-16
DHC,242128988.0,2026-08-16
DHI,279701267.0,2026-08-16
DHR,702986054.0,2026-08-16
DHT,161235573.0,2026-08-16
DINO,177783849.0,2026-08-16
DIOD,46051705.0,2026-08-16
DIS,1726686902.0,2026-08-16
DJT,277941274.0,2026-08-16
DK,61287542.0,2026-08-16
DKL,53197301.0,2026-08-16
DKNG,496454048.0,2026-08-16
DKS,89502537.0,2026-08-16
DLB,93668795.0,2026-08-16
DLO,294269133.0,2026-08-16
DLR,370036176.0,2026-08-16
DLX,45856290.0,2026-08-16
DMLP,49091408.0,2026-08-16
DMRA,61735519.0,2026-08-16
DNLI,159847403.0,2026-08-16
DNN,905139960.0,2026-08-16
DNP,376821218.0,2026-08-16
DNTH,55934378.0,2026-08-16
DOC,689527260.0,2026-08-16
DOCN,117579550.0,2026-08-16
DOCS,178245980.0,2026-08-16
DOLE,94458807.0,2026-08-16
DOO,73346433.0,2026-08-16
DORM,29675618.0,2026-08-16
DOV,134680225.0,2026-08-16
DOW,722340711.0,2026-08-16
DOX,106164000.0,2026-08-16
DPZ,33081735.0,2026-08-16
DRD,86739770.0,2026-08-16
DRH,204605681.0,2026-08-16
DRI,113541756.0,2026-08-16
DRS,266891515.0,2026-08-16
DRVN,164955964.0,2026-08-16
DSGX,85690827.0,2026-08-16
DSL,114571095.0,2026-08-16
DT,289002128.0,2026-08-16
DTE,208088069.0,2026-08-16
DTM,102015296.0,2026-08-16
DUK,779702193.0,2026-08-16
DUOL,46593117.0,2026-08-16
DV,153464189.0,2026-08-16
DVA,63800000.0,2026-08-16
DVN,1100000000.0,2026-08-16
DX,248166917.0,2026-08-16
DXC,159778689.0,2026-08-16
DXCM,377360765.0,2026-08-16
DXPE,15517148.0,2026-08-16
DY,30031455.0,2026-08-16
DYN,186746431.0,2026-08-16
E,1446270685.0,2026-08-16
EAT,42887790.0,2026-08-16
EBAY,445000000.0,2026-08-16
EBC,228511552.0,2026-08-16
EBRCZ,753305590.0,2026-08-16
EC,2055834735.0,2026-08-16
ECG,51041606.0,2026-08-16
ECL,280328603.0,2026-08-16
ECO,39044655.0,2026-08-16
ECPG,21209366.0,2026-08-16
ECVT,109468398.0,2026-08-16
ED,369828633.0,2026-08-16
EDN,47574186.0,2026-08-16
EDU,166712133.0,2026-08-16
EE,31380716.0,2026-08-16
EEFT,37403595.0,2026-08-16
EFC,128887386.0,2026-08-16
EFSC,36192520.0,2026-08-16
EFX,117484896.0,2026-08-16
EFXT,122102883.0,2026-08-16
EG,38342734.0,2026-08-16
EGO,260810332.0,2026-08-16
EGP,53773317.0,2026-08-16
EHC,98653384.0,2026-08-16
EIX,384813979.0,2026-08-16
EL,361794915.0,2026-08-16
ELAN,499449583.0,2026-08-16
ELE,64383030.0,2026-08-16
ELF,59007996.0,2026-08-16
ELPC,742402648.0,2026-08-16
ELS,194064619.0,2026-08-16
ELV,216869290.0,2026-08-16
ELVN,73270761.0,2026-08-16
EMA,307150000.0,2026-08-16
EMAT,621790646.0,2026-08-16
EMBJ,177958235.0,2026-08-16
EME,44109901.0,2026-08-16
EMN,114326623.0,2026-08-16
EMO,20014627.0,2026-08-16
EMR,557800000.0,2026-08-16
ENB,2184085509.0,2026-08-16
ENHA,128657187.0,2026-08-16
ENIC,1383331144.0,2026-08-16
ENLT,139807580.0,2026-08-16
ENOV,57669494.0,2026-08-16
ENPH,132144648.0,2026-08-16
ENR,68483637.0,2026-08-16
ENS,36065224.0,2026-08-16
ENSG,58282434.0,2026-08-16
ENTG,152800000.0,2026-08-16
ENVA,24898371.0,2026-08-16
ENVX,218153440.0,2026-08-16
EOG,524529176.0,2026-08-16
EOS,53316015.0,2026-08-16
EOSE,364167744.0,2026-08-16
EPAC,51137646.0,2026-08-16
EPAM,51586981.0,2026-08-16
EPC,46088915.0,2026-08-16
EPD,2159477169.0,2026-08-16
EPR,76608922.0,2026-08-16
EPRT,216273004.0,2026-08-16
EQH,272765787.0,2026-08-16
EQIX,98671686.0,2026-08-16
EQPT,253375963.0,2026-08-16
EQR,374944409.0,2026-08-16
EQT,625516000.0,2026-08-16
EQX,1167459822.0,2026-08-16
ERAS,349762035.0,2026-08-16
ERIC,3276182419.0,2026-08-16
ERIE,52289868.0,2026-08-16
ERO,104302633.0,2026-08-16
EROK,24455688.0,2026-08-16
ES,376080025.0,2026-08-16
ESAB,62135967.0,2026-08-16
ESBA,279923097.0,2026-08-16
ESE,25907172.0,2026-08-16
ESI,243690914.0,2026-08-16
ESLT,46855400.0,2026-08-16
ESNT,89876000.0,2026-08-16
ESS,64268439.0,2026-08-16
ESTA,29801891.0,2026-08-16
ESTC,103951633.0,2026-08-16
ET,3443299601.0,2026-08-16
ETG,76321908.0,2026-08-16
ETN,388400000.0,2026-08-16
ETR,466631498.0,2026-08-16
ETSY,91781748.0,2026-08-16
ETV,116754569.0,2026-08-16
ETW,108597786.0,2026-08-16
ETY,159280608.0,2026-08-16
EVCM,176665246.0,2026-08-16
EVR,38457778.0,2026-08-16
EVRG,230567172.0,2026-08-16
EVT,74542782.0,2026-08-16
EVTC,59752542.0,2026-08-16
EVV,116203460.0,2026-08-16
EW,576400000.0,2026-08-16
EWBC,137011856.0,2026-08-16
EWTX,108604129.0,2026-08-16
EXC,1030253967.0,2026-08-16
EXE,231503789.0,2026-08-16
EXEL,247781692.0,2026-08-16
EXG,305936026.0,2026-08-16
EXK,296144479.0,2026-08-16
EXLS,151612499.0,2026-08-16
EXP,30675325.0,2026-08-16
EXPD,129990622.0,2026-08-16
EXPE,120022077.0,2026-08-16
EXPO,47546084.0,2026-08-16
EXR,211269558.0,2026-08-16
EYE,79058038.0,2026-08-16
EYPT,86212138.0,2026-08-16
F,3987595667.0,2026-08-16
FA,171753691.0,2026-08-16
FAC,107023245.0,2026-08-16
FAF,102100000.0,2026-08-16
FANG,280019792.0,2026-08-16
FAST,1147497573.0,2026-08-16
FBAK,3166885.0,2026-08-16
FBIN,119293417.0,2026-08-16
FBK,49978138.0,2026-08-16
FBNC,41374221.0,2026-08-16
FBP,152668268.0,2026-08-16
FBYD,49012162.0,2026-08-16
FCEL,79954196.0,2026-08-16
FCF,101055925.0,2026-08-16
FCFS,43371800.0,2026-08-16
FCN,27611575.0,2026-08-16
FCNCA,11293120.0,2026-08-16
FCNCB,11293120.0,2026-08-16
FCPT,109756406.0,2026-08-16
FCX,1400000000.0,2026-08-16
FDS,35565543.0,2026-08-16
FDX,236581188.0,2026-08-16
FDXF,149518133.0,2026-08-16
FE,578639932.0,2026-08-16
FELE,44211464.0,2026-08-16
FER,720852155.0,2026-08-16
FERG,193452717.0,2026-08-16
FFBC,104968940.0,2026-08-16
FFIN,143327507.0,2026-08-16
FFIV,56627182.0,2026-08-16
FG,130935209.0,2026-08-16
FHB,121680634.0,2026-08-16
FHI,74660281.0,2026-08-16
FHN,473777158.0,2026-08-16
FIBK,95304607.0,2026-08-16
FICO,21597635.0,2026-08-16
FIG,533009867.0,2026-08-16
FIGS,166140242.0,2026-08-16
FINN,270230.0,2026-08-16
FINV,236094002.0,2026-08-16
FIS,515705917.0,2026-08-16
FISK,279923097.0,2026-08-16
FISV,531766721.0,2026-08-16
FITB,906892564.0,2026-08-16
FIVE,55295351.0,2026-08-16
FIVN,74723531.0,2026-08-16
FIX,35194329.0,2026-08-16
FIZZ,93612102.0,2026-08-16
FLEX,369402978.0,2026-08-16
FLG,415092836.0,2026-08-16
FLNC,132811490.0,2026-08-16
FLNG,54092376.0,2026-08-16
FLO,211993230.0,2026-08-16
FLOC,43972689.0,2026-08-16
FLR,133741067.0,2026-08-16
FLS,127112780.0,2026-08-16
FLUT,173539102.0,2026-08-16
FLY,167404645.0,2026-08-16
FMBH,26601912.0,2026-08-16
FMBL,120914.0,2026-08-16
FMC,125226839.0,2026-08-16
FMCC,650059553.0,2026-08-16
FMS,532219370.0,2026-08-16
FMX,340681468.0,2026-08-16
FN,35829740.0,2026-08-16
FNB,355963949.0,2026-08-16
FND,106489965.0,2026-08-16
FNF,268192827.0,2026-08-16
FNMA,1158087567.0,2026-08-16
FNV,192855530.0,2026-08-16
FOR,51017627.0,2026-08-16
FORM,78120725.0,2026-08-16
FOX,419900652.0,2026-08-16
FOXA,419900652.0,2026-08-16
FPF,60847827.0,2026-08-16
FPS,259971169.0,2026-08-16
FR,132572946.0,2026-08-16
FRBP,133481475.0,2026-08-16
FRHC,63787666.0,2026-08-16
FRME,62801423.0,2026-08-16
FRMI,638083359.0,2026-08-16
FRO,222622890.0,2026-08-16
FROG,121119724.0,2026-08-16
FRPT,48058074.0,2026-08-16
FRSH,276434167.0,2026-08-16
FRT,86889133.0,2026-08-16
FRVO,294644974.0,2026-08-16
FSK,276340280.0,2026-08-16
FSLY,159300000.0,2026-08-16
FSM,295957387.0,2026-08-16
FSS,61041611.0,2026-08-16
FSUN,49378264.0,2026-08-16
FSV,43922540.0,2026-08-16
FTAI,102707091.0,2026-08-16
FTI,392164388.0,2026-08-16
FTNT,733713653.0,2026-08-16
FTRE,95100000.0,2026-08-16
FTS,510900000.0,2026-08-16
FTV,302017052.0,2026-08-16
FUL,53787411.0,2026-08-16
FULT,191461000.0,2026-08-16
FUN,102316312.0,2026-08-16
FWONA,250708485.0,2026-08-16
FWONK,250708485.0,2026-08-16
G,168034407.0,2026-08-16
GAB,311196702.0,2026-08-16
GABC,37576750.0,2026-08-16
GAM,23832113.0,2026-08-16
GAP,359978933.0,2026-08-16
GATX,35305058.0,2026-08-16
GBCI,130211953.0,2026-08-16
GBDC,259651589.0,2026-08-16
GBTG,522373443.0,2026-08-16
GBX,30939686.0,2026-08-16
GCMG,60383165.0,2026-08-16
GCT,35710237.0,2026-08-16
GD,270557195.0,2026-08-16
GDDY,126647704.0,2026-08-16
GDS,200377613.0,2026-08-16
GDV,87446297.0,2026-08-16
GE,1037562513.0,2026-08-16
GEF,56848160.0,2026-08-16
GEHC,451686252.0,2026-08-16
GEL,122214318.0,2026-08-16
GEN,598587032.0,2026-08-16
GENB,128352436.0,2026-08-16
GENI,277626957.0,2026-08-16
GEO,131619584.0,2026-08-16
GEV,266333581.0,2026-08-16
GFF,45294716.0,2026-08-16
GFI,894418540.0,2026-08-16
GFL,360890326.0,2026-08-16
GFS,548751082.0,2026-08-16
GGAL,169453445.0,2026-08-16
GGB,1962126415.0,2026-08-16
GGG,161953824.0,2026-08-16
GH,134196170.0,2026-08-16
GHC,4234928.0,2026-08-16
GHM,11737033.0,2026-08-16
GHRS,68642287.0,2026-08-16
GIB,207075407.0,2026-08-16
GIC,38108341.0,2026-08-16
GIII,42190573.0,2026-08-16
GIL,185191848.0,2026-08-16
GILD,1239955155.0,2026-08-16
GIS,533708396.0,2026-08-16
GKOS,58983937.0,2026-08-16
GL,77644761.0,2026-08-16
GLBE,167967391.0,2026-08-16
GLNG,101779765.0,2026-08-16
GLOB,43179556.0,2026-08-16
GLP,33848979.0,2026-08-16
GLPI,290920043.0,2026-08-16
GLUE,85313401.0,2026-08-16
GLW,861388331.0,2026-08-16
GLXY,194292392.0,2026-08-16
GM,904451541.0,2026-08-16
GMAB,623532520.0,2026-08-16
GME,448691257.0,2026-08-16
GMED,134261914.0,2026-08-16
GNK,43586605.0,2026-08-16
GNL,231317857.0,2026-08-16
GNRC,59006361.0,2026-08-16
GNTX,210683331.0,2026-08-16
GNW,377851037.0,2026-08-16
GOF,212043120.0,2026-08-16
GOLD,29004374.0,2026-08-16
GOLF,58405044.0,2026-08-16
GOOG,12229934831.0,2026-08-16
GOOGL,12229934831.0,2026-08-16
GPC,137859758.0,2026-08-16
GPGI,289890082.0,2026-08-16
GPI,11922225.0,2026-08-16
GPK,296071573.0,2026-08-16
GPN,264618390.0,2026-08-16
GPRE,70095328.0,2026-08-16
GRAB,4091302000.0,2026-08-16
GRAL,44666234.0,2026-08-16
GRBK,43010696.0,2026-08-16
GRC,26410243.0,2026-08-16
GRDN,63342304.0,2026-08-16
GRFS,680580507.0,2026-08-16
GRMN,192852536.0,2026-08-16
GRND,173820627.0,2026-08-16
GS,291171408.0,2026-08-16
GSAT,129563390.0,2026-08-16
GSBD,112569067.0,2026-08-16
GSHD,35515905.0,2026-08-16
GSK,2002805623.0,2026-08-16
GSL,36035434.0,2026-08-16
GT,287898737.0,2026-08-16
GTES,253151170.0,2026-08-16
GTLB,168900000.0,2026-08-16
GTX,186493414.0,2026-08-16
GTY,61932699.0,2026-08-16
GVA,43764510.0,2026-08-16
GWRE,83256364.0,2026-08-16
GWW,47100942.0,2026-08-16
GXO,115048589.0,2026-08-16
H,94236736.0,2026-08-16
HAE,45497051.0,2026-08-16
HAFN,499781305.0,2026-08-16
HAL,833130367.0,2026-08-16
HALO,113498000.0,2026-08-16
HAPN,115407464.0,2026-08-16
HAS,141044467.0,2026-08-16
HASI,128495790.0,2026-08-16
HAWK,97959969.0,2026-08-16
HBAN,2020414826.0,2026-08-16
HBM,444144760.0,2026-08-16
HBNB,234032386.0,2026-08-16
HBT,36365612.0,2026-08-16
HCA,216501500.0,2026-08-16
HCC,52802087.0,2026-08-16
HCI,12438867.0,2026-08-16
HCM,173814168.0,2026-08-16
HCSG,68632202.0,2026-08-16
HD,997116682.0,2026-08-16
HDB,5137000187.0,2026-08-16
HE,172728004.0,2026-08-16
HEI,139737708.0,2026-08-16
HEPS,357225200.0,2026-08-16
HESM,128350881.0,2026-08-16
HFWA,40915558.0,2026-08-16
HG,65890659.0,2026-08-16
HGTY,102070523.0,2026-08-16
HGV,77724145.0,2026-08-16
HHH,59721036.0,2026-08-16
HIG,274130820.0,2026-08-16
HII,39404598.0,2026-08-16
HIMS,233313413.0,2026-08-16
HIMX,174425914.0,2026-08-16
HIVE,273638546.0,2026-08-16
HIW,110306211.0,2026-08-16
HL,671768431.0,2026-08-16
HLF,104803380.0,2026-08-16
HLI,69886500.0,2026-08-16
HLIO,33046358.0,2026-08-16
HLIT,108496436.0,2026-08-16
HLMN,194544999.0,2026-08-16
HLN,4403863311.0,2026-08-16
HLNE,55110638.0,2026-08-16
HLT,225064910.0,2026-08-16
HLX,147382447.0,2026-08-16
HMC,1297672194.0,2026-08-16
HMN,40501054.0,2026-08-16
HMY,631385140.0,2026-08-16
HNGE,80694417.0,2026-08-16
HNI,72181800.0,2026-08-16
HOG,104072507.0,2026-08-16
HOMB,200049630.0,2026-08-16
HON,316940010.0,2026-08-16
HOOD,899082273.0,2026-08-16
HOPE,127741836.0,2026-08-16
HP,99938945.0,2026-08-16
HPE,1324203521.0,2026-08-16
HPQ,914522690.0,2026-08-16
HQ,53972080.0,2026-08-16
HQH,57192236.0,2026-08-16
HQY,83602157.0,2026-08-16
HR,342719760.0,2026-08-16
HRB,126760207.0,2026-08-16
HRI,33431444.0,2026-08-16
HRL,550314959.0,2026-08-16
HRMY,58236393.0,2026-08-16
HSAI,1257137688.0,2026-08-16
HSBC,3428769901.0,2026-08-16
HSIC,111446542.0,2026-08-16
HST,685124399.0,2026-08-16
HSY,200925657.0,2026-08-16
HTFL,86953627.0,2026-08-16
HTGC,187164000.0,2026-08-16
HTH,57286417.0,2026-08-16
HTHT,307523819.0,2026-08-16
HTLD,77332611.0,2026-08-16
HTO,41856804.0,2026-08-16
HTZ,356451393.0,2026-08-16
HUBB,52832571.0,2026-08-16
HUBG,61153510.0,2026-08-16
HUBS,49866201.0,2026-08-16
HUM,120080308.0,2026-08-16
HUN,175378616.0,2026-08-16
HURN,15910072.0,2026-08-16
HUT,123259468.0,2026-08-16
HWC,80223058.0,2026-08-16
HWKN,20875117.0,2026-08-16
HWM,398801399.0,2026-08-16
HXL,75623452.0,2026-08-16
HYLN,178597218.0,2026-08-16
HYMC,93181681.0,2026-08-16
HYT,163047980.0,2026-08-16
IAG,571000000.0,2026-08-16
IART,77772506.0,2026-08-16
IAUX,865901683.0,2026-08-16
IBM,942134390.0,2026-08-16
IBN,3586638481.0,2026-08-16
IBOC,62191514.0,2026-08-16
IBP,26579177.0,2026-08-16
IBRX,1059836273.0,2026-08-16
ICE,561394487.0,2026-08-16
ICFI,17933884.0,2026-08-16
ICL,1290718361.0,2026-08-16
ICUI,25007038.0,2026-08-16
IDA,57842043.0,2026-08-16
IDCC,25806007.0,2026-08-16
IDT,24868566.0,2026-08-16
IDXX,78781116.0,2026-08-16
IDYA,96274802.0,2026-08-16
IE,159590259.0,2026-08-16
IEP,710915093.0,2026-08-16
IESC,19924356.0,2026-08-16
IEX,73719896.0,2026-08-16
IFF,255149963.0,2026-08-16
IFS,111072639.0,2026-08-16
IGIC,42466701.0,2026-08-16
IHG,147522700.0,2026-08-16
IHS,338341000.0,2026-08-16
ILMN,151000000.0,2026-08-16
IMAX,54842114.0,2026-08-16
IMKTA,18994376.0,2026-08-16
IMNM,113250394.0,2026-08-16
IMO,497237969.0,2026-08-16
IMOS,34770906.0,2026-08-16
IMTX,136673161.0,2026-08-16
IMVT,206552682.0,2026-08-16
INBX,14717660.0,2026-08-16
INCY,202697746.0,2026-08-16
INDB,47369099.0,2026-08-16
INDV,118013649.0,2026-08-16
INFQ,224681185.0,2026-08-16
INFY,4050123578.0,2026-08-16
ING,2857569346.0,2026-08-16
INGM,230661904.0,2026-08-16
INIO,750000000.0,2026-08-16
INNV,135736393.0,2026-08-16
INOD,32655358.0,2026-08-16
INSM,218381503.0,2026-08-16
INSP,28910375.0,2026-08-16
INTA,76511148.0,2026-08-16
INTC,5254526315.0,2026-08-16
INVA,72245485.0,2026-08-16
INVH,594041956.0,2026-08-16
INVX,69935827.0,2026-08-16
IONQ,405135656.0,2026-08-16
IONS,166184322.0,2026-08-16
IOSP,24631047.0,2026-08-16
IOT,582710082.0,2026-08-16
IOVA,452971432.0,2026-08-16
IP,529569895.0,2026-08-16
IPGP,42534539.0,2026-08-16
IPX,36213407.0,2026-08-16
IQV,164600000.0,2026-08-16
IR,387999429.0,2026-08-16
IRDM,105960383.0,2026-08-16
IREN,357378674.0,2026-08-16
IRM,297702812.0,2026-08-16
IRMD,12786991.0,2026-08-16
IRON,38392844.0,2026-08-16
IRS,84611592.0,2026-08-16
IRT,235744567.0,2026-08-16
IRTC,32963003.0,2026-08-16
ISRG,358278038.0,2026-08-16
IT,63148976.0,2026-08-16
ITRI,43786753.0,2026-08-16
ITRN,19780142.0,2026-08-16
ITT,89839824.0,2026-08-16
ITUB,11021872542.0,2026-08-16
ITW,284800000.0,2026-08-16
IVT,77978431.0,2026-08-16
IVZ,441500000.0,2026-08-16
IX,1086195958.0,2026-08-16
J,117038611.0,2026-08-16
JAN,215972996.0,2026-08-16
JAZZ,64914577.0,2026-08-16
JBHT,93914939.0,2026-08-16
JBIO,63597387.0,2026-08-16
JBL,104787089.0,2026-08-16
JBS,3289363694.0,2026-08-16
JBTM,51876817.0,2026-08-16
JCI,605741470.0,2026-08-16
JD,1350500000.0,2026-08-16
JEF,230552271.0,2026-08-16
JFR,160967425.0,2026-08-16
JHX,580522488.0,2026-08-16
JJSF,18681608.0,2026-08-16
JKHY,71050780.0,2026-08-16
JLL,46007703.0,2026-08-16
JNJ,2409898597.0,2026-08-16
JOBY,989124237.0,2026-08-16
JOE,56930451.0,2026-08-16
JOYY,50381779.0,2026-08-16
JPC,375226496.0,2026-08-16
JPM,2658186195.0,2026-08-16
JXN,67728744.0,2026-08-16
KAI,11808462.0,2026-08-16
KARO,30893300.0,2026-08-16
KB,351106111.0,2026-08-16
KBH,61300000.0,2026-08-16
KBR,126067755.0,2026-08-16
KC,299369665.0,2026-08-16
KD,217818263.0,2026-08-16
KDK,200618170.0,2026-08-16
KDP,1360826038.0,2026-08-16
KEEL,617573212.0,2026-08-16
KEN,52108397.0,2026-08-16
KEP,1283928154.0,2026-08-16
KEX,52800000.0,2026-08-16
KEY,1072035000.0,2026-08-16
KEY/PK,801560966.0,2026-08-16
KEYS,170895368.0,2026-08-16
KFY,51356133.0,2026-08-16
KGC,1186240789.0,2026-08-16
KGS,100918914.0,2026-08-16
KHC,1185823758.0,2026-08-16
KIM,670789373.0,2026-08-16
KKR,897635601.0,2026-08-16
KLAC,1306546783.0,2026-08-16
KLIC,52329115.0,2026-08-16
KLRA,129565608.0,2026-08-16
KMB,332579038.0,2026-08-16
KMI,2226802089.0,2026-08-16
KMT,76210103.0,2026-08-16
KMTS,58603121.0,2026-08-16
KMX,141911096.0,2026-08-16
KN,85410326.0,2026-08-16
KNF,56763420.0,2026-08-16
KNSA,78024013.0,2026-08-16
KNSL,22778425.0,2026-08-16
KNTK,80442263.0,2026-08-16
KNX,162756000.0,2026-08-16
KO,4302549243.0,2026-08-16
KOD,62849457.0,2026-08-16
KOF,210083226.0,2026-08-16
KOS,595487651.0,2026-08-16
KR,612647282.0,2026-08-16
KRC,116308988.0,2026-08-16
KRG,200346933.0,2026-08-16
KRMN,132533708.0,2026-08-16
KRP,100895984.0,2026-08-16
KRYS,29598836.0,2026-08-16
KSPI,190027266.0,2026-08-16
KSS,113399993.0,2026-08-16
KT,476263616.0,2026-08-16
KTB,55272359.0,2026-08-16
KTOS,187721327.0,2026-08-16
KVUE,1920773467.0,2026-08-16
KVYO,299279813.0,2026-08-16
KWR,17207702.0,2026-08-16
KYIV,230883624.0,2026-08-16
KYN,169126038.0,2026-08-16
L,204427720.0,2026-08-16
LAC,363042943.0,2026-08-16
LAD,21983116.0,2026-08-16
LAR,164100000.0,2026-08-16
LAZ,97450572.0,2026-08-16
LB,28404484.0,2026-08-16
LBRDA,143861257.0,2026-08-16
LBRDB,147443108.0,2026-08-16
LBRDK,143497730.0,2026-08-16
LBRT,163191416.0,2026-08-16
LBTYA,341087566.0,2026-08-16
LBTYB,341087566.0,2026-08-16
LBTYK,341087566.0,2026-08-16
LCID,394070176.0,2026-08-16
LCII,24311507.0,2026-08-16
LCLN,34735822.0,2026-08-16
LDOS,125492209.0,2026-08-16
LEA,66574764.0,2026-08-16
LECO,54505757.0,2026-08-16
LEG,136588995.0,2026-08-16
LEGN,193769462.0,2026-08-16
LEN,240895142.0,2026-08-16
LEU,19952858.0,2026-08-16
LEVI,384850562.0,2026-08-16
LFST,382055609.0,2026-08-16
LFTO,169330527.0,2026-08-16
LFUS,25398747.0,2026-08-16
LGIH,23248272.0,2026-08-16
LGN,108075480.0,2026-08-16
LGND,19935609.0,2026-08-16
LH,81100000.0,2026-08-16
LHX,186214616.0,2026-08-16
LI,981536518.0,2026-08-16
LIF,81480369.0,2026-08-16
LIFX,244465554.0,2026-08-16
LII,34560675.0,2026-08-16
LILA,195900000.0,2026-08-16
LILAK,195900000.0,2026-08-16
LIN,460980163.0,2026-08-16
LINC,31721479.0,2026-08-16
LIND,65619689.0,2026-08-16
LINE,227674365.0,2026-08-16
LION,297559680.0,2026-08-16
LITE,88600000.0,2026-08-16
LIVN,54933538.0,2026-08-16
LKFN,24857840.0,2026-08-16
LKFT,65484670.0,2026-08-16
LKQ,253002086.0,2026-08-16
LLY,891741406.0,2026-08-16
LLYVA,92005376.0,2026-08-16
LLYVB,92005376.0,2026-08-16
LLYVK,92005376.0,2026-08-16
LMAT,22869257.0,2026-08-16
LMND,77396615.0,2026-08-16
LMT,230790753.0,2026-08-16
LNC,191447336.0,2026-08-16
LNG,206534158.0,2026-08-16
LNN,10168885.0,2026-08-16
LNT,259284699.0,2026-08-16
LNTH,65272369.0,2026-08-16
LNWO,76398505.0,2026-08-16
LOB,46283620.0,2026-08-16
LOGI,143188332.0,2026-08-16
LOMA,116696630.0,2026-08-16
LOPE,26065037.0,2026-08-16
LOW,560707041.0,2026-08-16
LPG,42782681.0,2026-08-16
LPL,1000000000.0,2026-08-16
LPLA,78742290.0,2026-08-16
LPX,69923410.0,2026-08-16
LQDA,88928099.0,2026-08-16
LQDT,31331618.0,2026-08-16
LRCX,1251321000.0,2026-08-16
LRN,41559845.0,2026-08-16
LSCC,142030272.0,2026-08-16
LSPD,129299592.0,2026-08-16
LTC,53905563.0,2026-08-16
LTH,223461948.0,2026-08-16
LTM,292743939.0,2026-08-16
LU,866688892.0,2026-08-16
LUCK,136382126.0,2026-08-16
LUMN,1031445404.0,2026-08-16
LUV,489208201.0,2026-08-16
LUXE,137261608.0,2026-08-16
LVS,647701184.0,2026-08-16
LW,137483158.0,2026-08-16
LWLG,154167255.0,2026-08-16
LXP,58957264.0,2026-08-16
LYB,323037952.0,2026-08-16
LYFT,378540249.0,2026-08-16
LYG,14508813399.0,2026-08-16
LYV,232959505.0,2026-08-16
LZB,40011207.0,2026-08-16
M,263037954.0,2026-08-16
MA,876009940.0,2026-08-16
MAA,116021957.0,2026-08-16
MAAS,442175578.0,2026-08-16
MAC,283559375.0,2026-08-16
MAIN,93508461.0,2026-08-16
MAN,46507342.0,2026-08-16
MANE,41778687.0,2026-08-16
MANH,58304972.0,2026-08-16
MAR,260766288.0,2026-08-16
MARA,386299297.0,2026-08-16
MAS,197187430.0,2026-08-16
MAT,285700000.0,2026-08-16
MATX,29903458.0,2026-08-16
MAZE,55549168.0,2026-08-16
MBC,203490490.0,2026-08-16
MBIN,45938075.0,2026-08-16
MBLY,850187598.0,2026-08-16
MBX,48160096.0,2026-08-16
MC,74080893.0,2026-08-16
MCB,12397778.0,2026-08-16
MCD,707641531.0,2026-08-16
MCHB,221426509.0,2026-08-16
MCHP,543008691.0,2026-08-16
MCK,116590363.0,2026-08-16
MCO,173180984.0,2026-08-16
MCRI,17922521.0,2026-08-16
MCY,55388627.0,2026-08-16
MD,81253271.0,2026-08-16
MDA,162063406.0,2026-08-16
MDB,80431927.0,2026-08-16
MDGL,23104126.0,2026-08-16
MDLN,877351218.0,2026-08-16
MDLZ,1276308057.0,2026-08-16
MDT,1280045190.0,2026-08-16
MDU,210349456.0,2026-08-16
MEDP,27911655.0,2026-08-16
MELI,50696802.0,2026-08-16
MEOH,77364263.0,2026-08-16
MESO,129696087.0,2026-08-16
MET,635476927.0,2026-08-16
META,2547506225.0,2026-08-16
MFC,1661901655.0,2026-08-16
MFG,12182192875.0,2026-08-16
MGA,267519846.0,2026-08-16
MGEE,37746521.0,2026-08-16
MGM,255851235.0,2026-08-16
MGNI,143424157.0,2026-08-16
MGRC,24425663.0,2026-08-16
MGRT,13750000.0,2026-08-16
MGTX,96042996.0,2026-08-16
MGY,236968592.0,2026-08-16
MH,191276168.0,2026-08-16
MHD,52141616.0,2026-08-16
MHK,67738145.0,2026-08-16
MHO,25283031.0,2026-08-16
MIAX,99230898.0,2026-08-16
MICC,612837147.0,2026-08-16
MIDD,45222349.0,2026-08-16
MIR,249037647.0,2026-08-16
MIRM,60981227.0,2026-08-16
MKC,268851552.0,2026-08-16
MKL,12389958.0,2026-08-16
MKSI,67617558.0,2026-08-16
MKTX,35192891.0,2026-08-16
MLCO,388291551.0,2026-08-16
MLI,221181388.0,2026-08-16
MLKN,68123238.0,2026-08-16
MLM,60065839.0,2026-08-16
MLTX,85106685.0,2026-08-16
MLYS,88406885.0,2026-08-16
MMED,280842845.0,2026-08-16
MMI,37871003.0,2026-08-16
MMM,515722417.0,2026-08-16
MMS,52357763.0,2026-08-16
MMSI,59710420.0,2026-08-16
MMYT,94058662.0,2026-08-16
MNDY,42274120.0,2026-08-16
MNKD,321540637.0,2026-08-16
MNR,166801737.0,2026-08-16
MNSO,298500597.0,2026-08-16
MNST,1959051764.0,2026-08-16
MO,1669743926.0,2026-08-16
MOD,53112708.0,2026-08-16
MOH,52200000.0,2026-08-16
MORN,37513571.0,2026-08-16
MOS,317895646.0,2026-08-16
MP,178101588.0,2026-08-16
MPC,280824763.0,2026-08-16
MPLT,46377832.0,2026-08-16
MPLX,1013858251.0,2026-08-16
MPT,597200000.0,2026-08-16
MQ,104098834.0,2026-08-16
MQY,71833617.0,2026-08-16
MRCY,60043283.0,2026-08-16
MRK,2467171638.0,2026-08-16
MRNA,399235889.0,2026-08-16
MRP,166047927.0,2026-08-16
MRSH,477211268.0,2026-08-16
MRTN,81661669.0,2026-08-16
MRVI,148989545.0,2026-08-16
MRVL,897544423.0,2026-08-16
MRX,71930870.0,2026-08-16
MS,1572000000.0,2026-08-16
MSA,38578289.0,2026-08-16
MSCI,72700000.0,2026-08-16
MSDL,84105122.0,2026-08-16
MSFT,7425545491.0,2026-08-16
MSGE,47305234.0,2026-08-16
MSGS,24079941.0,2026-08-16
MSI,165493788.0,2026-08-16
MSM,55846298.0,2026-08-16
MSTR,393822794.0,2026-08-16
MT,754041698.0,2026-08-16
MTB,144416262.0,2026-08-16
MTCH,233266526.0,2026-08-16
MTD,20036559.0,2026-08-16
MTG,205124840.0,2026-08-16
MTH,65174093.0,2026-08-16
MTN,35633526.0,2026-08-16
MTRN,20801485.0,2026-08-16
MTSI,76370931.0,2026-08-16
MTX,31128762.0,2026-08-16
MTZ,80304948.0,2026-08-16
MU,1129393151.0,2026-08-16
MUC,94183923.0,2026-08-16
MUFG,11276872492.0,2026-08-16
MUR,143349576.0,2026-08-16
MUSA,18380347.0,2026-08-16
MUX,61358566.0,2026-08-16
MWA,156125679.0,2026-08-16
MWH,210788456.0,2026-08-16
MXL,90693191.0,2026-08-16
MYE,37618070.0,2026-08-16
MYI,66467251.0,2026-08-16
MYRG,15569250.0,2026-08-16
MZTI,27422381.0,2026-08-16
NAC,156326698.0,2026-08-16
NAD,233737467.0,2026-08-16
NAK,560311162.0,2026-08-16
NAMS,116903979.0,2026-08-16
NAT,211750663.0,2026-08-16
NATL,73896934.0,2026-08-16
NAVN,254331262.0,2026-08-16
NBHC,44539547.0,2026-08-16
NBIS,271855218.0,2026-08-16
NBIX,101649181.0,2026-08-16
NBN,8555360.0,2026-08-16
NBR,14800044.0,2026-08-16
NBTB,52010232.0,2026-08-16
NBTX,50803564.0,2026-08-16
NCLH,459187846.0,2026-08-16
NCNO,109552950.0,2026-08-16
NDAQ,558977372.0,2026-08-16
NDSN,55717948.0,2026-08-16
NE,159642218.0,2026-08-16
NEA,299041932.0,2026-08-16
NEE,2085978209.0,2026-08-16
NEM,1053692271.0,2026-08-16
NEO,128475440.0,2026-08-16
NEOG,218056016.0,2026-08-16
NET,356079715.0,2026-08-16
NEU,9196406.0,2026-08-16
NEXA,132438611.0,2026-08-16
NEXT,266185433.0,2026-08-16
NFG,95045099.0,2026-08-16
NFJ,94101764.0,2026-08-16
NFLX,4163939676.0,2026-08-16
NG,438780614.0,2026-08-16
NGG,1005360077.0,2026-08-16
NGL,124814289.0,2026-08-16
NGVT,34377922.0,2026-08-16
NHC,15661395.0,2026-08-16
NHI,49110434.0,2026-08-16
NI,479560100.0,2026-08-16
NIC,20957513.0,2026-08-16
NICE,58597188.0,2026-08-16
NIO,2505667022.0,2026-08-16
NIQ,294955864.0,2026-08-16
NJR,101467946.0,2026-08-16
NKE,1483498703.0,2026-08-16
NLY,753714442.0,2026-08-16
NMIH,75217851.0,2026-08-16
NMM,28424619.0,2026-08-16
NMR,2922592249.0,2026-08-16
NMRK,181016195.0,2026-08-16
NMZ,215367714.0,2026-08-16
NN,136436939.0,2026-08-16
NNE,53698146.0,2026-08-16
NNI,35779438.0,2026-08-16
NNN,190248177.0,2026-08-16
NNNN,43891200.0,2026-08-16
NOC,142063026.0,2026-08-16
NOG,106549128.0,2026-08-16
NOK,5582534171.0,2026-08-16
NOMD,139791169.0,2026-08-16
NOV,356478125.0,2026-08-16
NOVT,37817770.0,2026-08-16
NOW,1033862000.0,2026-08-16
NP,137233090.0,2026-08-16
NPKI,84909894.0,2026-08-16
NPO,21167681.0,2026-08-16
NRG,210210483.0,2026-08-16
NRIX,103781683.0,2026-08-16
NRP,13250412.0,2026-08-16
NSC,224608373.0,2026-08-16
NSIT,29348850.0,2026-08-16
NSP,38195270.0,2026-08-16
NSSC,35727337.0,2026-08-16
NTAP,196234265.0,2026-08-16
NTB,39326687.0,2026-08-16
NTCT,72707312.0,2026-08-16
NTES,640250196.0,2026-08-16
NTLA,140126693.0,2026-08-16
NTNX,270320509.0,2026-08-16
NTR,477210074.0,2026-08-16
NTRA,144144170.0,2026-08-16
NTRS,182955653.0,2026-08-16
NTSK,403923649.0,2026-08-16
NTST,101527998.0,2026-08-16
NU,4830688659.0,2026-08-16
NUE,226875676.0,2026-08-16
NUTX,6847973.0,2026-08-16
NUV,207541595.0,2026-08-16
NUVB,351123233.0,2026-08-16
NVAX,164945726.0,2026-08-16
NVDA,24221000000.0,2026-08-16
NVG,215821433.0,2026-08-16
NVGS,61493127.0,2026-08-16
NVMI,31806161.0,2026-08-16
NVO,4381150248.0,2026-08-16
NVR,2664860.0,2026-08-16
NVS,1900714840.0,2026-08-16
NVST,160617709.0,2026-08-16
NVT,161857939.0,2026-08-16
NVTS,261093488.0,2026-08-16
NWBI,146459122.0,2026-08-16
NWE,61517850.0,2026-08-16
NWG,3974945379.0,2026-08-16
NWL,425900000.0,2026-08-16
NWN,42093538.0,2026-08-16
NWPX,9637202.0,2026-08-16
NWS,540337394.0,2026-08-16
NWSA,540337394.0,2026-08-16
NXE,670506101.0,2026-08-16
NXPI,252164174.0,2026-08-16
NXST,30808301.0,2026-08-16
NXT,151729520.0,2026-08-16
NYAX,37378139.0,2026-08-16
NYT,161283586.0,2026-08-16
NZF,196386986.0,2026-08-16
O,946202000.0,2026-08-16
OBDC,493142569.0,2026-08-16
OBK,30849678.0,2026-08-16
OC,79048683.0,2026-08-16
OCFC,96645219.0,2026-08-16
OCSL,88085523.0,2026-08-16
OCTV,268437788.0,2026-08-16
OCUL,219615868.0,2026-08-16
ODC,14488335.0,2026-08-16
ODFL,207356622.0,2026-08-16
OFG,42265494.0,2026-08-16
OGC,222447523.0,2026-08-16
OGCP,279923097.0,2026-08-16
OGE,206581287.0,2026-08-16
OGN,262609433.0,2026-08-16
OGS,62856270.0,2026-08-16
OHI,303013000.0,2026-08-16
OI,153659747.0,2026-08-16
OII,99529645.0,2026-08-16
OKE,630369667.0,2026-08-16
OKLO,186017650.0,2026-08-16
OKTA,173807365.0,2026-08-16
OLED,45966835.0,2026-08-16
OLLI,60453292.0,2026-08-16
OLN,113982490.0,2026-08-16
OMAB,48271178.0,2026-08-16
OMC,274345967.0,2026-08-16
OMCL,45478909.0,2026-08-16
OMDA,60606000.0,2026-08-16
OMF,115041469.0,2026-08-16
ON,389311721.0,2026-08-16
ONB,382570000.0,2026-08-16
ONC,113122161.0,2026-08-16
ONDS,570552341.0,2026-08-16
ONON,334214703.0,2026-08-16
ONTO,61123436.0,2026-08-16
OPCH,149785243.0,2026-08-16
OPEN,971091050.0,2026-08-16
OPFI,85208247.0,2026-08-16
OPK,746328225.0,2026-08-16
OPLN,122797455.0,2026-08-16
OPRA,89552967.0,2026-08-16
OPY,10708005.0,2026-08-16
OR,187303653.0,2026-08-16
ORA,61496941.0,2026-08-16
ORC,199603438.0,2026-08-16
ORCL,2880471000.0,2026-08-16
ORI,241432922.0,2026-08-16
ORKA,66209699.0,2026-08-16
ORLY,808960792.0,2026-08-16
OSBC,50875716.0,2026-08-16
OSIS,16482890.0,2026-08-16
OSK,61739749.0,2026-08-16
OSW,101498712.0,2026-08-16
OTEX,242662360.0,2026-08-16
OTF,458185389.0,2026-08-16
OTIS,380669339.0,2026-08-16
OUST,72112333.0,2026-08-16
OUT,176135251.0,2026-08-16
OVV,276600000.0,2026-08-16
OWL,1559092223.0,2026-08-16
OXY,999637371.0,2026-08-16
OZK,109037618.0,2026-08-16
P,332404932.0,2026-08-16
PAA,705566460.0,2026-08-16
PAAS,421350000.0,2026-08-16
PAC,59501820.0,2026-08-16
PACS,158335612.0,2026-08-16
PAG,65662873.0,2026-08-16
PAGP,197904124.0,2026-08-16
PAGS,279519339.0,2026-08-16
PAHC,40564716.0,2026-08-16
PAM,53603767.0,2026-08-16
PATH,518120266.0,2026-08-16
PATK,32118264.0,2026-08-16
PAX,161393847.0,2026-08-16
PAY,125939647.0,2026-08-16
PAYC,45071619.0,2026-08-16
PAYO,338850836.0,2026-08-16
PAYP,677143135.0,2026-08-16
PAYX,355682860.0,2026-08-16
PB,120176771.0,2026-08-16
PBA,581435000.0,2026-08-16
PBF,118536849.0,2026-08-16
PBH,47372166.0,2026-08-16
PBI,137090212.0,2026-08-16
PBLS,122312446.0,2026-08-16
PBR,6444366381.0,2026-08-16
PBT,46608796.0,2026-08-16
PCG,2202366906.0,2026-08-16
PCT,200904810.0,2026-08-16
PCTY,55366000.0,2026-08-16
PCVX,148805278.0,2026-08-16
PDD,1423396462.0,2026-08-16
PDFS,42227216.0,2026-08-16
PDI,461564414.0,2026-08-16
PDM,125132825.0,2026-08-16
PDO,142485564.0,2026-08-16
PDS,12852644.0,2026-08-16
PEB,112842716.0,2026-08-16
PEBO,35942315.0,2026-08-16
PECO,128700000.0,2026-08-16
PEG,498420030.0,2026-08-16
PEGA,164404945.0,2026-08-16
PEN,39389422.0,2026-08-16
PENG,51242699.0,2026-08-16
PENN,134165511.0,2026-08-16
PEP,1364891558.0,2026-08-16
PFBC,11853116.0,2026-08-16
PFE,5699673589.0,2026-08-16
PFG,214104641.0,2026-08-16
PFGC,157072459.0,2026-08-16
PFS,130422618.0,2026-08-16
PFSI,51951572.0,2026-08-16
PG,2324433060.0,2026-08-16
PGEN,358035247.0,2026-08-16
PGNY,76726798.0,2026-08-16
PGR,581371770.0,2026-08-16
PGY,83425843.0,2026-08-16
PH,126086389.0,2026-08-16
PHG,977427472.0,2026-08-16
PHI,216055775.0,2026-08-16
PHIN,36638088.0,2026-08-16
PHM,190486353.0,2026-08-16
PHVS,69879726.0,2026-08-16
PHYS,476682504.0,2026-08-16
PI,30554413.0,2026-08-16
PICS,129587543.0,2026-08-16
PII,56903524.0,2026-08-16
PINS,566313027.0,2026-08-16
PJT,25564818.0,2026-08-16
PK,201338330.0,2026-08-16
PKG,89098299.0,2026-08-16
PKX,302483116.0,2026-08-16
PL,356402526.0,2026-08-16
PLAB,58963698.0,2026-08-16
PLBL,366387470.0,2026-08-16
PLD,950333372.0,2026-08-16
PLGO,85496757.0,2026-08-16
PLNT,75533093.0,2026-08-16
PLPC,4888701.0,2026-08-16
PLSE,71322607.0,2026-08-16
PLTK,381418186.0,2026-08-16
PLTR,2403058480.0,2026-08-16
PLUG,1397195278.0,2026-08-16
PLUS,26090418.0,2026-08-16
PLXS,26652099.0,2026-08-16
PM,1558613439.0,2026-08-16
PNC,399000000.0,2026-08-16
PNFP,151112640.0,2026-08-16
PNR,159600000.0,2026-08-16
PNTG,34929074.0,2026-08-16
PNW,121197234.0,2026-08-16
PODD,69354199.0,2026-08-16
POET,172590000.0,2026-08-16
PONY,434413615.0,2026-08-16
POOL,36340747.0,2026-08-16
POR,117607740.0,2026-08-16
POST,45322586.0,2026-08-16
POWI,55873298.0,2026-08-16
POWL,36432564.0,2026-08-16
PPC,238108524.0,2026-08-16
PPG,222300000.0,2026-08-16
PPL,752350362.0,2026-08-16
PPLI,74463925.0,2026-08-16
PPTA,125094503.0,2026-08-16
PR,837557029.0,2026-08-16
PRAX,27878774.0,2026-08-16
PRCH,113519836.0,2026-08-16
PRCT,56918844.0,2026-08-16
PRDO,62577055.0,2026-08-16
PRG,39831633.0,2026-08-16
PRGO,138769245.0,2026-08-16
PRGS,41012942.0,2026-08-16
PRI,30777350.0,2026-08-16
PRIM,54254935.0,2026-08-16
PRK,18064161.0,2026-08-16
PRKS,45341309.0,2026-08-16
PRLB,23921897.0,2026-08-16
PRM,163686923.0,2026-08-16
PRMB,361943705.0,2026-08-16
PRU,345000000.0,2026-08-16
PRVA,127734207.0,2026-08-16
PS,400000000.0,2026-08-16
PSA,186745748.0,2026-08-16
PSEC,501007653.0,2026-08-16
PSKY,1121945779.0,2026-08-16
PSLV,635782363.0,2026-08-16
PSMT,30860524.0,2026-08-16
PSN,106805394.0,2026-08-16
PSNL,106799872.0,2026-08-16
PSNY,144903937.0,2026-08-16
PSO,601658086.0,2026-08-16
PSX,399020916.0,2026-08-16
PTC,108506261.0,2026-08-16
PTCT,83460802.0,2026-08-16
PTEN,381384874.0,2026-08-16
PTGX,64708285.0,2026-08-16
PTON,438871801.0,2026-08-16
PTRN,177399089.0,2026-08-16
PTY,211981917.0,2026-08-16
PUK,1243513698.0,2026-08-16
PUMP,122823917.0,2026-08-16
PVH,46108092.0,2026-08-16
PVLA,14408407.0,2026-08-16
PWP,74039985.0,2026-08-16
PWR,150343393.0,2026-08-16
PXED,36047376.0,2026-08-16
PYPL,855460874.0,2026-08-16
PZZA,32902014.0,2026-08-16
Q,209208543.0,2026-08-16
QBTS,372439933.0,2026-08-16
QCOM,1050000000.0,2026-08-16
QCRH,16375614.0,2026-08-16
QFIN,121751884.0,2026-08-16
QGEN,206495000.0,2026-08-16
QKIE,523862646.0,2026-08-16
QLYS,34595001.0,2026-08-16
QNT,259285571.0,2026-08-16
QQQX,48826783.0,2026-08-16
QRVO,88221633.0,2026-08-16
QS,615145076.0,2026-08-16
QSR,348758065.0,2026-08-16
QTWO,62354695.0,2026-08-16
QUBT,226346861.0,2026-08-16
QURE,69366412.0,2026-08-16
QXO,1079210444.0,2026-08-16
R,38346868.0,2026-08-16
RACE,175764832.0,2026-08-16
RAL,110640008.0,2026-08-16
RAMP,60794982.0,2026-08-16
RAPP,47978286.0,2026-08-16
RARE,98588873.0,2026-08-16
RBA,185200000.0,2026-08-16
RBC,31659245.0,2026-08-16
RBCAA,19634151.0,2026-08-16
RBLX,714375941.0,2026-08-16
RBRK,205828566.0,2026-08-16
RCAT,152714362.0,2026-08-16
RCI,540225278.0,2026-08-16
RCL,267452084.0,2026-08-16
RCUS,125773162.0,2026-08-16
RDDT,192396510.0,2026-08-16
RDN,133556000.0,2026-08-16
RDNT,78697257.0,2026-08-16
RDW,249992609.0,2026-08-16
RDY,833000073.0,2026-08-16
REAL,121671115.0,2026-08-16
REG,183120547.0,2026-08-16
REGN,102954988.0,2026-08-16
RELX,1743549200.0,2026-08-16
RELY,210561079.0,2026-08-16
RES,221657012.0,2026-08-16
REX,32937718.0,2026-08-16
REYN,210790982.0,2026-08-16
REZI,151426260.0,2026-08-16
RF,851929506.0,2026-08-16
RGA,65301665.0,2026-08-16
RGC,494488909.0,2026-08-16
RGEN,56435621.0,2026-08-16
RGLD,84727857.0,2026-08-16
RGTI,333768747.0,2026-08-16
RH,18926221.0,2026-08-16
RHI,102361828.0,2026-08-16
RHLD,8257442.0,2026-08-16
RHP,63109272.0,2026-08-16
RIG,1116880085.0,2026-08-16
RIO,1626903553.0,2026-08-16
RIOT,375258935.0,2026-08-16
RITM,558407031.0,2026-08-16
RIVN,1447860630.0,2026-08-16
RJF,192361711.0,2026-08-16
RKLB,639301732.0,2026-08-16
RKT,2831642421.0,2026-08-16
RL,59582239.0,2026-08-16
RLAY,219141631.0,2026-08-16
RLI,91772970.0,2026-08-16
RLJ,152375872.0,2026-08-16
RLX,1222254564.0,2026-08-16
RMBS,108461603.0,2026-08-16
RMD,144252306.0,2026-08-16
RMIX,72898108.0,2026-08-16
RNG,83506162.0,2026-08-16
RNR,41551893.0,2026-08-16
RNST,91404465.0,2026-08-16
RNW,364561156.0,2026-08-16
ROAD,56755555.0,2026-08-16
ROCK,29661919.0,2026-08-16
ROG,17868335.0,2026-08-16
ROIV,722323015.0,2026-08-16
ROK,111048676.0,2026-08-16
ROL,481145404.0,2026-08-16
ROP,98900874.0,2026-08-16
ROST,320781076.0,2026-08-16
RPM,127643000.0,2026-08-16
RPRX,445277344.0,2026-08-16
RQI,135181538.0,2026-08-16
RRC,233679515.0,2026-08-16
RRR,59130385.0,2026-08-16
RRX,66591867.0,2026-08-16
RS,51054555.0,2026-08-16
RSG,306212978.0,2026-08-16
RSI,115626347.0,2026-08-16
RTO,503247977.0,2026-08-16
RTX,1347758144.0,2026-08-16
RUM,275743936.0,2026-08-16
RUN,238549287.0,2026-08-16
RUSHA,116730416.0,2026-08-16
RUSHB,116730415.0,2026-08-16
RVLV,71085420.0,2026-08-16
RVMD,214336418.0,2026-08-16
RVT,122363809.0,2026-08-16
RVTY,111586401.0,2026-08-16
RXO,164926128.0,2026-08-16
RXRX,536271087.0,2026-08-16
RXT,254872850.0,2026-08-16
RY,1389662335.0,2026-08-16
RYAN,255814785.0,2026-08-16
RYN,300747223.0,2026-08-16
RYTM,68852082.0,2026-08-16
RYZ,51898653.0,2026-08-16
RZLV,398827587.0,2026-08-16
S,342803723.0,2026-08-16
SA,107871216.0,2026-08-16
SAFE,70816280.0,2026-08-16
SAFT,14680482.0,2026-08-16
SAH,31614802.0,2026-08-16
SAIA,26674650.0,2026-08-16
SAIC,42276819.0,2026-08-16
SAIL,567182997.0,2026-08-16
SAM,10291681.0,2026-08-16
SAN,14246584458.0,2026-08-16
SANM,53597356.0,2026-08-16
SAP,1154204232.0,2026-08-16
SARO,330919431.0,2026-08-16
SBAC,106088110.0,2026-08-16
SBCF,96822799.0,2026-08-16
SBET,216983308.0,2026-08-16
SBH,93622292.0,2026-08-16
SBLK,111671386.0,2026-08-16
SBR,14579345.0,2026-08-16
SBRA,255462756.0,2026-08-16
SBS,3516705733.0,2026-08-16
SBSI,29807980.0,2026-08-16
SBUX,1140000000.0,2026-08-16
SCCO,844343686.0,2026-08-16
SCI,136291587.0,2026-08-16
SCL,22732540.0,2026-08-16
SCSC,20324529.0,2026-08-16
SDRL,62541443.0,2026-08-16
SE,612484522.0,2026-08-16
SEB,957795.0,2026-08-16
SEDG,61525748.0,2026-08-16
SEI,65831540.0,2026-08-16
SEIC,120019182.0,2026-08-16
SENEA,6770457.0,2026-08-16
SENEB,6770457.0,2026-08-16
SEPN,46676947.0,2026-08-16
SEZL,33675014.0,2026-08-16
SF,151001734.0,2026-08-16
SFBS,54672510.0,2026-08-16
SFD,393477263.0,2026-08-16
SFL,132992784.0,2026-08-16
SFM,93247625.0,2026-08-16
SFNC,144513789.0,2026-08-16
SGHC,508076788.0,2026-08-16
SGI,210365491.0,2026-08-16
SGML,112064646.0,2026-08-16
SGRY,130918260.0,2026-08-16
SHAK,40408149.0,2026-08-16
SHAZ,35803505.0,2026-08-16
SHC,285374795.0,2026-08-16
SHEL,2761174610.0,2026-08-16
SHG,469450238.0,2026-08-16
SHLS,168299950.0,2026-08-16
SHO,185943941.0,2026-08-16
SHOO,73085436.0,2026-08-16
SHOP,1286643931.0,2026-08-16
SHW,242758151.0,2026-08-16
SID,1326093947.0,2026-08-16
SIFY,72434615.0,2026-08-16
SIG,38849783.0,2026-08-16
SIGI,59569119.0,2026-08-16
SII,25732678.0,2026-08-16
SIM,153415405.0,2026-08-16
SIMO,33907750.0,2026-08-16
SION,45150330.0,2026-08-16
SIRI,337066891.0,2026-08-16
SITE,43655390.0,2026-08-16
SITM,30071036.0,2026-08-16
SJM,106880690.0,2026-08-16
SKE,125462705.0,2026-08-16
SKM,383888128.0,2026-08-16
SKT,114878989.0,2026-08-16
SKWD,40543065.0,2026-08-16
SKY,54280134.0,2026-08-16
SKYT,49204602.0,2026-08-16
SLAB,33366761.0,2026-08-16
SLB,1484143231.0,2026-08-16
SLDE,116811719.0,2026-08-16
SLF,553738896.0,2026-08-16
SLG,70849907.0,2026-08-16
SLGN,105682020.0,2026-08-16
SLM,188000000.0,2026-08-16
SLS,196632574.0,2026-08-16
SLVM,39760243.0,2026-08-16
SM,237854068.0,2026-08-16
SMA,55368903.0,2026-08-16
SMCI,646873027.0,2026-08-16
SMFG,6353334642.0,2026-08-16
SMG,58220274.0,2026-08-16
SMMT,797749602.0,2026-08-16
SMPL,88441207.0,2026-08-16
SMR,410389522.0,2026-08-16
SMTC,93151168.0,2026-08-16
SN,141520379.0,2026-08-16
SNA,51727124.0,2026-08-16
SNAP,1691197712.0,2026-08-16
SNDA,48047990.0,2026-08-16
SNDK,148089758.0,2026-08-16
SNDX,89297086.0,2026-08-16
SNEX,120962936.0,2026-08-16
SNN,419020307.0,2026-08-16
SNOW,346600000.0,2026-08-16
SNPS,191479325.0,2026-08-16
SNX,79958752.0,2026-08-16
SNY,2428198054.0,2026-08-16
SO,1150362966.0,2026-08-16
SOBO,208588127.0,2026-08-16
SOC,191869572.0,2026-08-16
SOFI,1291570324.0,2026-08-16
SOLS,158847369.0,2026-08-16
SOLV,170223729.0,2026-08-16
SON,98875003.0,2026-08-16
SONO,118293979.0,2026-08-16
SONY,5853805875.0,2026-08-16
SOUN,444109844.0,2026-08-16
SPB,22995596.0,2026-08-16
SPCX,13181779945.0,2026-08-16
SPG,323559515.0,2026-08-16
SPGI,294800000.0,2026-08-16
SPH,66712387.0,2026-08-16
SPNT,116165016.0,2026-08-16
SPOT,205584205.0,2026-08-16
SPSC,36000174.0,2026-08-16
SPXC,50085860.0,2026-08-16
SPXX,17976545.0,2026-08-16
SQM,285637808.0,2026-08-16
SR,59112807.0,2026-08-16
SRAD,295951662.0,2026-08-16
SRCE,24081826.0,2026-08-16
SRE,653900348.0,2026-08-16
SRPT,105627021.0,2026-08-16
SRRK,121785282.0,2026-08-16
SSB,96974534.0,2026-08-16
SSD,40984682.0,2026-08-16
SSL,641037682.0,2026-08-16
SSNC,234654996.0,2026-08-16
SSRM,203909312.0,2026-08-16
ST,145535862.0,2026-08-16
STAA,49788495.0,2026-08-16
STAG,192808329.0,2026-08-16
STBA,35265492.0,2026-08-16
STC,30522199.0,2026-08-16
STE,97500110.0,2026-08-16
STEP,82288907.0,2026-08-16
STLA,3767323870.0,2026-08-16
STLD,143328088.0,2026-08-16
STM,892568480.0,2026-08-16
STN,112399703.0,2026-08-16
STNE,243228226.0,2026-08-16
STNG,50081352.0,2026-08-16
STOK,64526242.0,2026-08-16
STRA,22207559.0,2026-08-16
STRD,11764700.0,2026-08-16
STRL,30588518.0,2026-08-16
STT,274701765.0,2026-08-16
STUB,375437301.0,2026-08-16
STVN,273126177.0,2026-08-16
STWD,370168950.0,2026-08-16
STX,226644518.0,2026-08-16
STZ,170778434.0,2026-08-16
SU,1180745189.0,2026-08-16
SUI,121800957.0,2026-08-16
SUN,188413849.0,2026-08-16
SUNB,409947556.0,2026-08-16
SUNC,51517198.0,2026-08-16
SUPN,58168001.0,2026-08-16
SUZ,1231560722.0,2026-08-16
SVC,129509488.0,2026-08-16
SVM,221206309.0,2026-08-16
SVRA,204927212.0,2026-08-16
SVV,153234555.0,2026-08-16
SW,524522908.0,2026-08-16
SWK,151016641.0,2026-08-16
SWKS,150472782.0,2026-08-16
SWX,72445853.0,2026-08-16
SXI,12119465.0,2026-08-16
SXT,42562811.0,2026-08-16
SYBT,31068000.0,2026-08-16
SYF,325370840.0,2026-08-16
SYK,383573046.0,2026-08-16
SYM,129873381.0,2026-08-16
SYNA,39106986.0,2026-08-16
SYRE,88173762.0,2026-08-16
SYY,478543630.0,2026-08-16
T,6852385650.0,2026-08-16
TAC,316300000.0,2026-08-16
TAK,3193502878.0,2026-08-16
TAL,554701254.0,2026-08-16
TALO,166965468.0,2026-08-16
TAP,186453933.0,2026-08-16
TARS,43882996.0,2026-08-16
TBBB,120562775.0,2026-08-16
TBBK,40786809.0,2026-08-16
TBLA,270155398.0,2026-08-16
TBN,34856412.0,2026-08-16
TBNRL,6971282400.0,2026-08-16
TCBI,43474369.0,2026-08-16
TCBK,31966630.0,2026-08-16
TCOM,629705222.0,2026-08-16
TD,1652051000.0,2026-08-16
TDAY,146817941.0,2026-08-16
TDC,93000000.0,2026-08-16
TDG,55276525.0,2026-08-16
TDOC,181684021.0,2026-08-16
TDS,115116000.0,2026-08-16
TDW,49756231.0,2026-08-16
TDY,46355673.0,2026-08-16
TE,294527066.0,2026-08-16
TEAM,253767862.0,2026-08-16
TECH,155810652.0,2026-08-16
TECK,490600000.0,2026-08-16
TEL,289513228.0,2026-08-16
TEM,180434756.0,2026-08-16
TEN,30127603.0,2026-08-16
TEN/PE,4745947.0,2026-08-16
TEN/PF,6747147.0,2026-08-16
TENB,110139983.0,2026-08-16
TEO,430737602.0,2026-08-16
TER,156340750.0,2026-08-16
TEVA,1165296084.0,2026-08-16
TEX,114300000.0,2026-08-16
TFC,1221626188.0,2026-08-16
TFII,82193031.0,2026-08-16
TFIN,23894537.0,2026-08-16
TFPM,206003031.0,2026-08-16
TFSL,280442755.0,2026-08-16
TFX,42372397.0,2026-08-16
TGB,366023318.0,2026-08-16
TGLS,44364616.0,2026-08-16
TGS,150552212.0,2026-08-16
TGT,454191112.0,2026-08-16
TGTX,153069053.0,2026-08-16
TH,99623423.0,2026-08-16
THC,80519000.0,2026-08-16
THG,34820221.0,2026-08-16
THO,52057373.0,2026-08-16
THRM,30705208.0,2026-08-16
TIC,218220356.0,2026-08-16
TIGO,167710000.0,2026-08-16
TILE,57800460.0,2026-08-16
TIMB,477733839.0,2026-08-16
TJX,1104704446.0,2026-08-16
TK,87691370.0,2026-08-16
TKC,870577022.0,2026-08-16
TKO,73111098.0,2026-08-16
TKR,69296839.0,2026-08-16
TLK,985809408.0,2026-08-16
TLN,47914259.0,2026-08-16
TLX,338777049.0,2026-08-16
TM,1184105248.0,2026-08-16
TMC,441135482.0,2026-08-16
TMDX,34675145.0,2026-08-16
TME,1637273858.0,2026-08-16
TMO,369747286.0,2026-08-16
TMP,14382905.0,2026-08-16
TMUS,1072671613.0,2026-08-16
TNC,17049303.0,2026-08-16
TNET,45904738.0,2026-08-16
TNGX,168610367.0,2026-08-16
TNK,34680112.0,2026-08-16
TNL,61282085.0,2026-08-16
TOL,93471000.0,2026-08-16
TOST,578000000.0,2026-08-16
TOWN,92437275.0,2026-08-16
TPB,20048922.0,2026-08-16
TPC,52614703.0,2026-08-16
TPG,160460017.0,2026-08-16
TPL,68974683.0,2026-08-16
TPR,202044714.0,2026-08-16
TR,75163056.0,2026-08-16
TREX,101865190.0,2026-08-16
TRGP,214431021.0,2026-08-16
TRI,433224578.0,2026-08-16
TRIN,94693574.0,2026-08-16
TRIP,117199342.0,2026-08-16
TRLV,192307059.0,2026-08-16
TRMB,233111519.0,2026-08-16
TRMD,102367118.0,2026-08-16
TRMK,58070577.0,2026-08-16
TRN,79669486.0,2026-08-16
TRNO,108970310.0,2026-08-16
TROLB,75163056.0,2026-08-16
TROX,159700029.0,2026-08-16
TRP,1041766896.0,2026-08-16
TRS,35873873.0,2026-08-16
TRU,191600000.0,2026-08-16
TRUP,43620472.0,2026-08-16
TRV,208575022.0,2026-08-16
TRVG,70558454.0,2026-08-16
TRVI,142475841.0,2026-08-16
TS,504819878.0,2026-08-16
TSCO,521040137.0,2026-08-16
TSEM,113031240.0,2026-08-16
TSHA,325833545.0,2026-08-16
TSLA,3949547394.0,2026-08-16
TSLX,95019600.0,2026-08-16
TSM,5186474013.0,2026-08-16
TSN,351801512.0,2026-08-16
TT,220023177.0,2026-08-16
TTAM,184362465.0,2026-08-16
TTAN,95397579.0,2026-08-16
TTC,95229534.0,2026-08-16
TTD,469880194.0,2026-08-16
TTE,2217166424.0,2026-08-16
TTEK,256044428.0,2026-08-16
TTI,148072779.0,2026-08-16
TTMI,105348864.0,2026-08-16
TTWO,186980443.0,2026-08-16
TU,1575000000.0,2026-08-16
TUYA,613104679.0,2026-08-16
TV,527060000.0,2026-08-16
TVTX,94261082.0,2026-08-16
TW,210971394.0,2026-08-16
TWFG,54051794.0,2026-08-16
TWLO,153575220.0,2026-08-16
TWO,105134760.0,2026-08-16
TWST,62707424.0,2026-08-16
TX,196307678.0,2026-08-16
TXG,130291168.0,2026-08-16
TXN,913247686.0,2026-08-16
TXNM,103046111.0,2026-08-16
TXRH,65640926.0,2026-08-16
TXT,171986917.0,2026-08-16
TY,53233385.0,2026-08-16
TYL,40952274.0,2026-08-16
TYRA,59676939.0,2026-08-16
U,440088933.0,2026-08-16
UA,429545541.0,2026-08-16
UAA,429545541.0,2026-08-16
UAL,324569728.0,2026-08-16
UAMY,148185622.0,2026-08-16
UAN,10569638.0,2026-08-16
UBER,2042560121.0,2026-08-16
UBS,3277805164.0,2026-08-16
UBSI,136212571.0,2026-08-16
UCB,119763827.0,2026-08-16
UCTT,45277029.0,2026-08-16
UDR,321264222.0,2026-08-16
UE,126244466.0,2026-08-16
UEC,494872366.0,2026-08-16
UFCS,25705439.0,2026-08-16
UFPI,55161491.0,2026-08-16
UFPT,7745790.0,2026-08-16
UGI,214494967.0,2026-08-16
UGP,1064018280.0,2026-08-16
UHAL,195494213.0,2026-08-16
UHS,58936515.0,2026-08-16
UI,60522085.0,2026-08-16
UL,2153264479.0,2026-08-16
ULCC,230215771.0,2026-08-16
ULS,201898173.0,2026-08-16
ULTA,42989311.0,2026-08-16
UMAC,49956505.0,2026-08-16
UMBF,75950030.0,2026-08-16
UMC,2507908580.0,2026-08-16
UMH,85166195.0,2026-08-16
UNF,18084173.0,2026-08-16
UNFI,60519140.0,2026-08-16
UNH,897594847.0,2026-08-16
UNIT,242725135.0,2026-08-16
UNM,158300000.0,2026-08-16
UNP,594075498.0,2026-08-16
UPBD,58299405.0,2026-08-16
UPS,850781582.0,2026-08-16
UPST,97313046.0,2026-08-16
URBN,85635083.0,2026-08-16
URGN,48721701.0,2026-08-16
URI,62242489.0,2026-08-16
USA,308219353.0,2026-08-16
USAC,144943345.0,2026-08-16
USAS,338157614.0,2026-08-16
USB,1558051446.0,2026-08-16
USFD,216330723.0,2026-08-16
USLM,28688363.0,2026-08-16
UTF,111810099.0,2026-08-16
UTG,92109160.0,2026-08-16
UTI,55095231.0,2026-08-16
UVE,27830355.0,2026-08-16
UVSP,27580768.0,2026-08-16
UVV,24899257.0,2026-08-16
UWMC,1604128797.0,2026-08-16
V,1867047259.0,2026-08-16
VAC,34395320.0,2026-08-16
VAL,69435807.0,2026-08-16
VALE,4255762807.0,2026-08-16
VC,26695429.0,2026-08-16
VCEL,51206614.0,2026-08-16
VCYT,80390731.0,2026-08-16
VECO,61129640.0,2026-08-16
VEEV,162443291.0,2026-08-16
VEON,68861195.0,2026-08-16
VERA,72063335.0,2026-08-16
VERX,162217980.0,2026-08-16
VET,152800000.0,2026-08-16
VFC,393134570.0,2026-08-16
VFS,2339536010.0,2026-08-16
VG,2500092851.0,2026-08-16
VGNT,70835265.0,2026-08-16
VIA,81295871.0,2026-08-16
VIAV,246749828.0,2026-08-16
VICI,1101077562.0,2026-08-16
VIK,446157124.0,2026-08-16
VIPS,480270540.0,2026-08-16
VIR,169215958.0,2026-08-16
VIRT,88300678.0,2026-08-16
VISN,230626412.0,2026-08-16
VIST,110667404.0,2026-08-16
VIV,1597803176.0,2026-08-16
VKTX,116652937.0,2026-08-16
VLO,287927461.0,2026-08-16
VLRS,114951370.0,2026-08-16
VLTO,243793344.0,2026-08-16
VLY,552605226.0,2026-08-16
VMC,129578739.0,2026-08-16
VMI,19304858.0,2026-08-16
VNET,284691643.0,2026-08-16
VNO,186720531.0,2026-08-16
VNOM,360005189.0,2026-08-16
VNT,135200000.0,2026-08-16
VOD,2311002604.0,2026-08-16
VOYA,90596349.0,2026-08-16
VOYG,60574360.0,2026-08-16
VPG,13320430.0,2026-08-16
VRDN,113292269.0,2026-08-16
VRNS,114860485.0,2026-08-16
VRSK,130156012.0,2026-08-16
VRSN,90400000.0,2026-08-16
VRT,384988173.0,2026-08-16
VRTX,253460924.0,2026-08-16
VSAT,137755810.0,2026-08-16
VSEC,28064972.0,2026-08-16
VSH,153379167.0,2026-08-16
VSNT,139170078.0,2026-08-16
VST,335635195.0,2026-08-16
VSTS,132160105.0,2026-08-16
VSXY,79491720.0,2026-08-16
VTMX,92788099.0,2026-08-16
VTOL,29642000.0,2026-08-16
VTR,512946359.0,2026-08-16
VTRS,1148590864.0,2026-08-16
VVV,127536079.0,2026-08-16
VVX,31345358.0,2026-08-16
VZ,4154775202.0,2026-08-16
VZLA,351018130.0,2026-08-16
W,136968070.0,2026-08-16
WAB,168910851.0,2026-08-16
WABC,23111153.0,2026-08-16
WAFD,73995238.0,2026-08-16
WAL,109100864.0,2026-08-16
WAT,98185855.0,2026-08-16
WAY,191748416.0,2026-08-16
WB,245672572.0,2026-08-16
WBD,2507136702.0,2026-08-16
WBI,55453118.0,2026-08-16
WBS,162033448.0,2026-08-16
WBTN,135711070.0,2026-08-16
WCC,48732854.0,2026-08-16
WCN,251569244.0,2026-08-16
WD,34325745.0,2026-08-16
WDAY,246973479.0,2026-08-16
WDC,344682131.0,2026-08-16
WDFC,13421096.0,2026-08-16
WDS,1901100143.0,2026-08-16
WEC,325849383.0,2026-08-16
WELL,720572011.0,2026-08-16
WEN,190639000.0,2026-08-16
WERN,59977156.0,2026-08-16
WES,413174593.0,2026-08-16
WEX,34081611.0,2026-08-16
WF,242678579.0,2026-08-16
WFC,3023999336.0,2026-08-16
WFC/PC,6771853982.0,2026-08-16
WFG,78303822.0,2026-08-16
WFHG,63508421.0,2026-08-16
WFRD,71685443.0,2026-08-16
WGS,29822541.0,2026-08-16
WH,74211122.0,2026-08-16
WHD,80179417.0,2026-08-16
WHR,65199378.0,2026-08-16
WINA,3592169.0,2026-08-16
WING,27242546.0,2026-08-16
WIT,9892631919.0,2026-08-16
WIX,41849511.0,2026-08-16
WK,54416488.0,2026-08-16
WKC,51151620.0,2026-08-16
WLDN,15232091.0,2026-08-16
WLFC,21144111.0,2026-08-16
WLK,127796548.0,2026-08-16
WLTH,149361216.0,2026-08-16
WLY,50763590.0,2026-08-16
WLYB,50763590.0,2026-08-16
WM,399715184.0,2026-08-16
WMB,1223167472.0,2026-08-16
WMG,523109769.0,2026-08-16
WMK,24744597.0,2026-08-16
WMS,75405342.0,2026-08-16
WMT,7958079155.0,2026-08-16
WOLF,51972101.0,2026-08-16
WOR,48934416.0,2026-08-16
WPC,227807251.0,2026-08-16
WPM,454159968.0,2026-08-16
WPP,215704907.0,2026-08-16
WRB,371227529.0,2026-08-16
WRBY,123608054.0,2026-08-16
WRD,329210871.0,2026-08-16
WS,50948146.0,2026-08-16
WSBC,95905889.0,2026-08-16
WSC,181190958.0,2026-08-16
WSE,987464562.0,2026-08-16
WSFS,51388000.0,2026-08-16
WSM,117746611.0,2026-08-16
WSO,41252194.0,2026-08-16
WST,70375762.0,2026-08-16
WT,151512111.0,2026-08-16
WTBFB,2520905.0,2026-08-16
WTFC,67465967.0,2026-08-16
WTM,2386721.0,2026-08-16
WTRG,283632983.0,2026-08-16
WTS,33383050.0,2026-08-16
WTW,92871937.0,2026-08-16
WU,311878981.0,2026-08-16
WULF,498968677.0,2026-08-16
WVE,197048175.0,2026-08-16
WWD,59045820.0,2026-08-16
WWW,81989541.0,2026-08-16
WY,721042609.0,2026-08-16
WYFI,38848118.0,2026-08-16
WYNN,102973891.0,2026-08-16
XE,287458734.0,2026-08-16
XEL,624634306.0,2026-08-16
XENE,96665550.0,2026-08-16
XERS,182320306.0,2026-08-16
XHR,92245835.0,2026-08-16
XOM,4111911960.0,2026-08-16
XP,516677430.0,2026-08-16
XPEL,27570748.0,2026-08-16
XPEV,956593619.0,2026-08-16
XPO,117086465.0,2026-08-16
XPRO,112349149.0,2026-08-16
XRAY,199353876.0,2026-08-16
XXI,346807836.0,2026-08-16
XYL,233486812.0,2026-08-16
XYZ,600795000.0,2026-08-16
XZO,90085918.0,2026-08-16
YELP,54263621.0,2026-08-16
YETI,72988796.0,2026-08-16
YMM,1045894194.0,2026-08-16
YOU,102911049.0,2026-08-16
YPF,392075056.0,2026-08-16
YSS,129312790.0,2026-08-16
YSWY,63194746.0,2026-08-16
YUM,272901085.0,2026-08-16
YUMC,341993150.0,2026-08-16
Z,224874954.0,2026-08-16
ZBH,190737689.0,2026-08-16
ZBIO,63133377.0,2026-08-16
ZBRA,47310660.0,2026-08-16
ZD,34287208.0,2026-08-16
ZETA,251013605.0,2026-08-16
ZG,224874954.0,2026-08-16
ZGN,268312050.0,2026-08-16
ZIM,120519666.0,2026-08-16
ZION,145953355.0,2026-08-16
ZLAB,112266228.0,2026-08-16
ZM,293232218.0,2026-08-16
ZS,161709525.0,2026-08-16
ZTO,760225294.0,2026-08-16
ZTS,413223602.0,2026-08-16
ZWS,165864097.0,2026-08-16
ZYME,70959241.0,2026-08-16
